Product Name,Type,Quantity - 2019,Quantity - 2020,Quantity - 2021,Quantity - 2022,Quantity - 2023,Revenue - 2019,Revenue - 2020,Revenue - 2021,Revenue - 2022,Revenue - 2023
Abacus ,TOOLS & KITS,1104,1277,1208,1172,1156,691399,816200,730914,713971.0,723496
Adamantine Armour,ARMS & ARMOUR,1725,2250,2476,4672,2513,1005794,1312744,1439644,2710728.0,1461138
Adamantine Weapon,ARMS & ARMOUR,1320,1160,1130,1269,1222,627530,543812,585455,574903.0,551060
Air Elemental Essence Shard,ADVENTURING EQUIPMENT,711,990,763,815,872,490133,641818,489761,506557.0,503064
Alchemical Compendium,POTIONS & SCROLLS,751,795,829,766,931,599088,643878,661056,617505.0,748506
Alchemist’s fire (flask) ,POTIONS & SCROLLS,1344,1263,1148,1171,1280,861037,817276,727061,720989.0,817210
Alchemist’s supplies ,TOOLS & KITS,1335,1190,1187,1180,1272,671788,573246,550632,590362.0,673284
Alchemy Jug,ADVENTURING EQUIPMENT,920,719,751,888,867,780500,612555,635469,721321.6000000001,726089
Alchemy Jug (Blue),ADVENTURING EQUIPMENT,831,657,886,740,816,335645,266875,359550,296233.0,330520
Alchemy Jug (Orange),ADVENTURING EQUIPMENT,813,906,709,745,819,479289,473998,394112,394909.6,419787
All-Purpose Tool,TOOLS & KITS,761,829,926,769,627,510760,560774,613132,515258.0,431364
Amulet (Holy symbol),ADVENTURING EQUIPMENT,1183,1182,1147,1075,1157,335176,333054,328340,319082.0,352144
Amulet of Health,JEWELRY,742,759,798,707,727,499904,475981,492461,462408.0,467383
Amulet of Proof against Detection and Location,JEWELRY,873,744,615,809,751,735045,630785,531234,675095.0,644293
Amulet of Protection from Turning,JEWELRY,1527,1559,1460,1659,1565,939838,972213,868766,964671.5,999538
Amulet of the Devout,ADVENTURING EQUIPMENT,799,773,806,927,816,292346,300199,292158,329239.0,298634
Amulet of the Drunkard,JEWELRY,846,860,804,853,805,181944,152046,159330,180938.0,150182
Amulet of the Planes,JEWELRY,863,768,757,600,852,624826,550401,553481,430140.0,612561
Animated Shield,ARMS & ARMOUR,889,890,760,1180,1381,107130,102144,96825,136556.4,169245
Anstruth harp,MUSICAL INSTRUMENT,776,736,862,775,826,383744,360508,424854,384679.0,402342
Antitoxin (Crate),POTIONS & SCROLLS,1331,1149,1188,1130,1233,320561,310985,341785,325973.0,365667
Apparatus of Kwalish,ANIMALS & TRANSPORTATION,434,431,386,356,289,259532,257738,230828,212888.0,172822
Arcane Firearm,ARMS & ARMOUR,831,1262,2067,3588,2828,411096,567408,909240,1636507.2,1170756
Arcane Grimore,ADVENTURING EQUIPMENT,923,860,729,790,937,344346,299049,259362,310557.0,287625
Arcane Propulsion Arm,ARMS & ARMOUR,805,724,790,837,808,216905,198704,215090,223977.0,216968
Armblade,ARMS & ARMOUR,1325,1248,1304,1633,1643,463220,489936,488654,607570.0,573254
Armor of Gleaming Enchantment,POTIONS & SCROLLS,729,867,664,899,857,433016,507784,342016,517381.6,515256
Armour of Acid Resistance,ARMS & ARMOUR,853,842,735,861,1190,383918,310006,299856,352038.0,559669
Armour of Acid vulnerability,ARMS & ARMOUR,966,842,674,885,934,271976,283696,193492,275644.0,288552
Armour of Cold Resistance,ARMS & ARMOUR,862,1269,809,773,866,685791,1003327,615242,608684.0,683478
Armour of Cold vulnerability,ARMS & ARMOUR,757,831,803,912,838,366618,430059,477829,567179.2999999999,430717
Armour of Fire Resistance,ARMS & ARMOUR,826,760,864,955,945,371542,338050,396384,418769.0,429595
Armour of Fire vulnerability,ARMS & ARMOUR,779,680,763,682,725,322147,290500,325367,291368.0,335671
Armour of Force Resistance,ARMS & ARMOUR,892,820,760,862,750,484036,471376,414637,524209.0,432474
Armour of Force vulnerability,ARMS & ARMOUR,1031,1272,1387,782,852,261005,318099,343705,195668.0,213273
Armour of Invulnerability,ARMS & ARMOUR,819,689,877,807,892,287664,250484,310143,274368.0,312789
Armour of Lightning Resistance,ARMS & ARMOUR,765,745,812,867,708,420936,440304,464826,518316.0,413835
Armour of Lightning vulnerability,ARMS & ARMOUR,981,831,797,823,818,585711,473391,444897,469593.0,464688
Armour of Necrotic Resistance,ARMS & ARMOUR,825,785,739,755,764,517756,496624,498580,490084.0,506384
Armour of Necrotic vulnerability,ARMS & ARMOUR,810,804,917,781,862,411294,505402,528650,391787.0,459842
Armour of Poison Resistance,ARMS & ARMOUR,983,960,719,896,814,50544,51192,36504,47592.0,45108
Armour of Poison vulnerability,ARMS & ARMOUR,902,887,633,832,815,345684,329673,247734,314583.0,327927
Armour of Psychic Resistance,ARMS & ARMOUR,797,735,666,976,1113,367957,357015,327966,429596.0,462173
Armour of Psychic vulnerability,ARMS & ARMOUR,939,758,709,824,932,349854,280348,258914,341824.0,374872
Armour of Radiant Resistance,ARMS & ARMOUR,942,1344,1407,755,932,447028,639051,670733,382975.0,476093
Armour of Radiant vulnerability,ARMS & ARMOUR,847,754,627,762,711,660124,592941,487606,592721.0,552764
Armour of Resistance,ARMS & ARMOUR,959,843,728,913,733,420335,364091,316632,400481.0,314093
Armour of Resistance (Random),ARMS & ARMOUR,752,764,853,729,821,370008,384135,429216,319350.0,382381
Armour of Thunder Resistance,ARMS & ARMOUR,1249,2446,1932,868,753,952707,1871859,1478503,661267.0,572493
Armour of Thunder vulnerability,ARMS & ARMOUR,836,848,830,786,796,578445,583166,574969,541366.5,551424
Armour of Vulnerability,ARMS & ARMOUR,2435,2955,1558,818,1118,1017328,1187312,683752,313024.0,481328
Arrow of Slaying,ARMS & ARMOUR,901,752,695,818,785,522793,435216,405827,466478.5,458149
Arrow-Catching Shield,ARMS & ARMOUR,903,1204,1112,1099,916,336436,455438,409704,411178.0,349752
Arrows (100),ARMS & ARMOUR,2294,2573,1475,3115,4896,738230,899624,521397,1018160.0,1753156
Arrows +1,ARMS & ARMOUR,1358,1757,1793,1668,875,610704,782296,805304,747184.0,393160
Arrows +2,ARMS & ARMOUR,1002,1301,1222,897,891,124900,154655,164522,105035.0,116255
Arrows +3,ARMS & ARMOUR,849,2090,2426,2073,761,643030,1615900,1863772,1589590.0,584422
Astral Shard,POTIONS & SCROLLS,758,790,836,755,818,213972,199740,219444,199940.4,196044
Astromancy Archive,POTIONS & SCROLLS,913,846,894,815,892,422528,395944,415080,377860.0,414612
Atlas of the Endless Horizon,POTIONS & SCROLLS,774,798,723,793,756,510513,522869,487563,527354.2,466236
Azuredge,ARMS & ARMOUR,1676,2460,2388,2322,2581,586668,856194,833646,790897.8999999999,896307
Backpack ,ADVENTURING EQUIPMENT,1151,1213,1236,1068,1211,405939,522919,486671,419521.0,499681
Badge of the Watch,JEWELRY,792,933,840,897,819,677336,795064,711004,767020.0,694841
Bag of Beans,ADVENTURING EQUIPMENT,878,790,796,845,920,733463,666812,665719,708951.0,771963
Bag of Bounty,ADVENTURING EQUIPMENT,863,820,713,673,872,277394,258376,213038,206830.0,264848
Bag of Devouring,ADVENTURING EQUIPMENT,893,797,722,781,895,596204,544720,507688,528508.0,614176
Bag of Holding,ADVENTURING EQUIPMENT,855,750,736,776,833,802758,705129,690422,728716.0,782614
Bag of Tricks,ADVENTURING EQUIPMENT,696,892,781,739,825,403864,480604,420249,449679.39999999997,468925
Bagpipes,MUSICAL INSTRUMENT,1193,1133,1260,1275,1407,437709,419597,432476,496650.0,535315
Balance of Harmony,ADVENTURING EQUIPMENT,810,834,722,812,832,482758,508790,434870,486332.0,511488
"Ball bearings (bag of 1,000) ",ADVENTURING EQUIPMENT,1250,1220,1056,1166,1370,758916,751924,669196,750822.0,848072
Balloon Pack,ADVENTURING EQUIPMENT,923,722,730,789,814,274816,218292,223416,243500.0,244432
Band of Loyalty,JEWELRY,698,794,860,1004,853,598265,688446,732555,856817.0,727696
Banner of the Krig Rune,ADVENTURING EQUIPMENT,803,709,826,820,737,717365,633075,738031,732523.0,658597
Barrel,ADVENTURING EQUIPMENT,1577,1289,1031,1076,1319,892688,679648,535008,542088.0,757504
Basket ,TOOLS & KITS,1549,1038,1343,1201,1234,90713,56037,76903,67366.0,68975
Battering Shield,ARMS & ARMOUR,835,828,911,1021,1284,310143,302409,352496,431455.0,490879
Battle Standard of Infernal Power,ADVENTURING EQUIPMENT,768,830,705,930,888,526084,591039,494210,640410.0,617519
Battleaxe ,ARMS & ARMOUR,1213,1181,2230,5032,4374,779393,752811,1466152,3353330.0,2811422
Bead of Force,ADVENTURING EQUIPMENT,854,670,789,612,871,550427,422830,514902,396674.69999999995,562378
Bead of Nourishment,ADVENTURING EQUIPMENT,783,890,916,856,759,362265,413536,434975,400374.19999999995,353541
Bead of Refreshment,ADVENTURING EQUIPMENT,860,808,807,750,781,181910,182530,181785,167200.0,183120
Bedroll ,ADVENTURING EQUIPMENT,1279,1293,1221,1333,1241,340191,324576,303011,312340.0,309677
Belashyrras Beholder Crown,ARMS & ARMOUR,991,1319,1373,826,794,229447,316508,333896,195478.0,194942
Bell ,TOOLS & KITS,1277,1314,1107,1141,1162,861526,882912,748607,768013.0,783627
Belt of Cloud Giant Strength,ADVENTURING EQUIPMENT,857,804,786,699,759,391643,368032,363324,324821.0,351101
Belt of Dwarvenkind,ADVENTURING EQUIPMENT,799,801,905,727,825,482392,422658,532892,384229.0,455982
Belt of Fire Giant Strength,ADVENTURING EQUIPMENT,823,809,695,782,873,660989,666097,572903,629270.9,712857
Belt of Frost Giant Strength,ADVENTURING EQUIPMENT,775,721,763,723,812,188357,173551,183617,172090.7,194852
Belt of Hill Giant Strength,ADVENTURING EQUIPMENT,842,725,779,725,967,388114,382565,333643,309585.0,417829
Belt of Stone Giant Strength,ADVENTURING EQUIPMENT,855,865,840,841,873,366350,380920,396370,398906.0,356388
Belt of Storm Giant Strength,ADVENTURING EQUIPMENT,870,709,777,854,765,161076,117480,137824,148352.0,133344
Berserker Axe,ARMS & ARMOUR,782,680,838,747,740,448232,388230,449993,421692.0,444260
Bit & Bridle,ANIMALS & TRANSPORTATION,1413,1215,1244,1264,1245,1028783,882631,902226,917824.0,900277
Black Crystal Tablet,SUMMONING DEVICE,756,812,808,790,902,504316,595290,549866,575688.0,688820
Black Dragon Mask,ARMS & ARMOUR,899,801,1436,3874,2795,715301,626471,1148526,3055926.0,2226901
Blackrazor,ARMS & ARMOUR,1062,1231,1544,1020,1141,611490,704542,822707,574866.0,605416
Blackstaff,ARMS & ARMOUR,871,855,1549,3529,2912,318886,314894,554418,1244410.0,1045472
Blade of the Medusa,ARMS & ARMOUR,862,719,920,745,643,388339,312560,401699,392821.0,229648
Blanket ,ADVENTURING EQUIPMENT,1261,1112,1364,1408,1331,663189,589475,743917,674815.0,691319
Blast Scepter,ARMS & ARMOUR,1522,2537,2996,1781,1351,1058606,1749455,1995466,1192685.0,897062
Block and tackle ,TOOLS & KITS,1240,1128,1130,1209,1297,862417,739188,769557,774163.0,849560
Blod Stone,ADVENTURING EQUIPMENT,701,750,658,640,817,350003,360050,334574,333120.0,432751
Blood Spear,ARMS & ARMOUR,798,741,828,775,831,630130,609160,665738,605877.8,652484
Blood of the Lycanthrope Antidote,POTIONS & SCROLLS,828,801,659,818,700,486483,439501,337054,389303.0,342835
Bloodaxe,ARMS & ARMOUR,918,780,864,908,855,287458,222980,269096,271412.0,275117
Bloodwell Vial,POTIONS & SCROLLS,837,867,886,794,805,506320,522360,527538,492646.79999999993,484230
Blowgun ,ARMS & ARMOUR,1115,1199,1065,1270,1170,617298,602257,554515,695824.0,637613
Blowgun needles (50) ,ARMS & ARMOUR,1262,1683,2239,2601,1847,368416,448116,595948,714214.0,522138
Blue Dragon Mask,ARMS & ARMOUR,968,1190,1427,891,803,295383,384960,443154,299435.4,240663
Boar,ANIMALS & TRANSPORTATION,1225,1289,1269,1163,1080,933601,968779,966722,861527.0,818652
Bonecounter,ARMS & ARMOUR,779,837,768,807,856,508841,547623,495192,524613.0,555724
Book ,POTIONS & SCROLLS,1272,1122,1187,1332,1009,624612,543750,594575,667372.0,491931
Bookmark,ARMS & ARMOUR,976,1278,1425,848,826,681248,892044,994650,582620.6,576548
Boomerang +1,ARMS & ARMOUR,847,767,834,1284,1099,114205,108351,111748,185272.0,145674
Boomerang +2,ARMS & ARMOUR,760,815,716,850,2662,299849,307248,249259,299953.0,978937
Boomerang +3,ARMS & ARMOUR,932,754,709,763,811,358929,271435,250366,332541.0,325703
Boots of Elvenkind,ADVENTURING EQUIPMENT,739,873,822,831,961,402123,512036,414629,383267.0,482577
Boots of False Tracks,ADVENTURING EQUIPMENT,814,747,880,793,767,541036,469225,580294,520575.0,504439
Boots of Levitation,ADVENTURING EQUIPMENT,644,986,814,725,799,424144,622198,504372,419110.0,501896
Boots of Speed,ADVENTURING EQUIPMENT,861,909,878,852,844,219534,237063,218838,211958.0,202614
Boots of Striding and Springing,ADVENTURING EQUIPMENT,887,777,808,744,787,513459,465897,482096,458612.0,470939
Boots of the Winterlands,ADVENTURING EQUIPMENT,696,725,674,602,723,308127,328836,298260,256985.69999999998,339078
Bottled Breath,POTIONS & SCROLLS,696,846,840,690,980,41386,46008,45272,41065.0,49359
Bowl of Commanding Water Elementals,SUMMONING DEVICE,805,716,698,796,784,764113,680580,656442,750196.0,733752
Bracer of Flying Daggers,ARMS & ARMOUR,835,2509,1694,701,658,258516,805246,555795,232216.0,212133
Bracers of Archery,ADVENTURING EQUIPMENT,1008,563,863,784,880,234864,139129,210109,179292.3,214000
Bracers of Defense,ADVENTURING EQUIPMENT,621,809,940,715,880,301901,362750,412951,323860.69999999995,395844
Braclet of Rock Magic,ARMS & ARMOUR,732,820,741,836,817,481518,511009,486948,534269.0,508885
Brass Horn of Valhalla,SUMMONING DEVICE,751,922,614,761,918,375733,489598,290642,359731.0,476450
Brazier of Commanding Fire Elementals,SUMMONING DEVICE,851,878,991,764,801,125723,147622,161001,132730.0,137417
Breastplate ,ARMS & ARMOUR,1188,1247,1477,1944,1725,734336,776220,831166,1143724.0,1061566
Breathing Bubble,ADVENTURING EQUIPMENT,777,853,864,778,847,316333,348278,387412,259175.0,321732
Brewer’s supplies ,TOOLS & KITS,1168,1187,1114,1025,1343,469282,499656,466814,399258.0,562706
Bridle of Capturing,ADVENTURING EQUIPMENT,778,738,769,700,723,321270,304770,318420,288060.0,300825
Bronze Griffon of Wondrous Power,SUMMONING DEVICE,1000,757,679,734,733,595715,475152,424884,476259.0,436413
Bronze Horn of Valhalla,SUMMONING DEVICE,876,756,569,772,744,691589,596602,449570,609195.0,586946
Brooch of Living Essence,JEWELRY,977,745,712,704,856,399060,303453,279018,289335.0,338088
Brooch of Shielding,JEWELRY,818,776,816,738,630,192204,178305,201212,174082.30000000002,147663
Broom of Flying,ANIMALS & TRANSPORTATION,422,427,370,327,290,330004,333914,289340,255714.0,226780
Bucket and Rope,TOOLS & KITS,1194,1122,1304,1234,1404,670904,631214,733490,703474.0,795906
Burlap Sack (Set of 20),TOOLS & KITS,1101,1117,1120,998,1163,515490,562322,548395,476082.0,610593
Butchers Bib,ADVENTURING EQUIPMENT,795,837,802,752,879,298017,326257,292052,273778.8,331581
Calligraphers supplies ,TOOLS & KITS,1268,1416,1142,1221,1106,744915,740989,579033,652456.0,551284
Caltrops (bag of 20) ,TOOLS & KITS,1162,1248,1051,1130,1218,640945,689610,593755,616035.0,670220
Camel,ANIMALS & TRANSPORTATION,1160,1209,1348,1398,1202,448506,424909,488155,512409.0,407451
Canaith mandolin,MUSICAL INSTRUMENT,828,795,722,863,838,675720,655206,588376,710314.2,696560
Candle (Set of 24),TOOLS & KITS,1331,1179,1042,1233,1225,543348,487476,439158,501394.0,506655
Candle of Invocation,ADVENTURING EQUIPMENT,750,753,731,873,823,665187,679566,671429,766137.0,728770
Candle of the Deep,ADVENTURING EQUIPMENT,991,824,800,814,940,780434,632200,604540,601530.6,740360
Cap of Water Breathing,ARMS & ARMOUR,1095,2261,1990,692,711,634574,1309403,1142765,402271.0,415278
Cape of the Mountebank,ARMS & ARMOUR,981,1292,1243,880,968,289491,381327,366344,259279.0,285178
Carpenter’s tools ,TOOLS & KITS,1269,1167,1165,1336,1301,233306,233790,218524,267694.0,253576
Carpet of Flying,ANIMALS & TRANSPORTATION,437,360,456,403,448,2185,1800,2280,2015.0,2240
Cart,ANIMALS & TRANSPORTATION,1345,1357,1179,1227,1237,437154,503127,451941,404881.0,430974
Cartographers Map Case,TOOLS & KITS,836,863,837,859,722,224136,220500,221436,231924.0,204336
Cartographer’s tools ,TOOLS & KITS,1230,1309,1119,1183,1172,711885,720003,576550,672381.0,641589
"Case, crossbow bolt ",TOOLS & KITS,1319,1220,1369,1087,1193,646794,669390,721686,560588.0,637491
"Case, map or scroll ",POTIONS & SCROLLS,1133,1198,1373,1216,1186,390427,438343,536207,450391.0,519328
Cast-off Armour Enchantment,POTIONS & SCROLLS,805,863,763,743,805,315753,379607,328953,314949.9,348839
Cauldron of Plenty,TOOLS & KITS,812,855,841,819,891,593746,630333,623871,613889.0,669427
Cauldron of Rebirth,TOOLS & KITS,783,725,926,723,812,287901,312750,389322,305181.0,313614
Censer of Controlling Air Elementals,SUMMONING DEVICE,854,719,817,803,870,47352,39923,45301,43911.2,48329
Chain (10 feet) ,TOOLS & KITS,1361,1122,1207,1227,1186,598993,523387,556008,579541.0,560836
Chain mail ,ARMS & ARMOUR,1227,1283,1037,1267,1213,551593,551061,435544,553288.0,522249
Chain shirt ,ARMS & ARMOUR,1695,3603,3025,1114,1259,741241,1662149,1331599,515010.0,527389
Chalk (Box of 50),TOOLS & KITS,1177,1189,1103,1094,1173,676147,674527,644489,610830.0,674907
Charlatans Die,ADVENTURING EQUIPMENT,890,767,848,714,874,678892,587456,621352,543148.0,664804
Charm of Plant Command,ADVENTURING EQUIPMENT,833,696,714,764,824,793586,662627,680248,721679.2,784253
Chest ,ADVENTURING EQUIPMENT,1193,1324,1223,1223,1168,574078,617719,574062,560293.0,544338
Chest of Preserving,ADVENTURING EQUIPMENT,856,729,758,838,923,362324,310677,352702,390962.0,440611
Chime of Opening,ADVENTURING EQUIPMENT,827,779,796,844,840,111768,109320,110100,116570.4,115956
Circlet of Blasting,ADVENTURING EQUIPMENT,784,773,756,828,794,350264,339200,327938,367624.0,350922
Circlet of Human Perfection,ADVENTURING EQUIPMENT,848,849,856,751,844,600218,622768,655087,535835.0,594074
Claw of the Wyrm Rune,ADVENTURING EQUIPMENT,710,858,672,822,839,202228,237328,177268,243412.0,216008
Claws of the Umber Hulk,ARMS & ARMOUR,828,583,812,805,879,166612,115057,164498,164095.0,179791
Cleansing Stone,ADVENTURING EQUIPMENT,840,865,778,839,811,247695,273000,255577,254247.7,258629
Cli lyre,MUSICAL INSTRUMENT,959,825,716,880,785,561152,495288,382160,505894.0,437582
Climbers kit ,TOOLS & KITS,1282,1160,1142,1233,1178,375625,336522,357922,370970.0,354091
Cloak of Arachnida,ADVENTURING EQUIPMENT,736,828,794,773,792,177842,199936,192278,187131.0,191974
Cloak of Billowing,ADVENTURING EQUIPMENT,733,789,719,750,778,414543,516771,451713,400206.0,520746
Cloak of Displacement,ADVENTURING EQUIPMENT,816,739,788,672,924,303696,289119,330024,281052.0,374004
Cloak of Elvenkind,ADVENTURING EQUIPMENT,828,716,690,757,936,626062,540556,522442,564226.0,702037
Cloak of Invisibility,ADVENTURING EQUIPMENT,905,789,676,843,861,574306,481677,427302,514082.10000000003,535804
Cloak of Many Fashions,ADVENTURING EQUIPMENT,890,760,898,831,819,758104,648202,760300,698700.5,694928
Cloak of Protection,ADVENTURING EQUIPMENT,736,768,752,836,681,310730,282604,313250,330022.0,266084
Cloak of the Bat,ADVENTURING EQUIPMENT,736,721,835,863,976,310038,325017,352263,379632.4,410246
Cloak of the Manta Ray,ADVENTURING EQUIPMENT,767,802,906,736,733,210417,185635,227801,186322.0,180383
Clockwork Amulet,ADVENTURING EQUIPMENT,1040,827,809,693,821,466132,354644,358988,289360.0,400824
Clothes of Mending,ADVENTURING EQUIPMENT,836,979,712,672,677,497738,491810,354456,355817.4,361470
"Clothes, Common ",ADVENTURING EQUIPMENT,1004,1116,1167,1169,1223,554804,623514,656405,666679.0,678130
"Clothes, costume ",ADVENTURING EQUIPMENT,1234,1111,1047,1187,1246,609864,475134,411066,538818.0,588564
"Clothes, fine ",ADVENTURING EQUIPMENT,1442,996,1262,1171,1202,550348,331447,447791,424107.0,440673
"Clothes, traveler’s ",ADVENTURING EQUIPMENT,1269,1270,1157,1258,1146,936337,945741,857826,917693.0,849703
Club ,ARMS & ARMOUR,1154,1646,1669,1942,1191,331842,492854,481772,615284.0,404548
Cobbler’s tools ,TOOLS & KITS,1263,1188,1362,1309,1195,967457,899249,1034253,1004687.0,929320
Coin of Delving,ADVENTURING EQUIPMENT,864,875,893,765,771,578648,563693,589219,488763.0,500037
Common Crafting Components,TOOLS & KITS,879,743,764,900,820,344593,292284,304479,348510.5,326729
Component pouch ,ADVENTURING EQUIPMENT,1113,1280,1171,1291,1185,337363,396626,333695,368994.0,345514
Composite Longbow,ARMS & ARMOUR,1283,2121,1381,1179,1257,1027584,1644862,1092684,926167.0,989826
Cook’s utensils ,TOOLS & KITS,1175,1108,1194,1154,1250,455350,498337,493944,515134.0,522074
Corpse Slayer,ARMS & ARMOUR,768,745,879,785,896,253920,253027,290013,258563.0,318416
Cow,ANIMALS & TRANSPORTATION,1419,1261,920,1248,1250,951911,850047,618092,839004.0,843925
Cowboy Hat,ADVENTURING EQUIPMENT,1167,1347,1138,1215,1244,292456,370883,317186,303777.0,297124
Cracked Driftglobe,ADVENTURING EQUIPMENT,854,826,657,723,934,405785,355963,294777,322320.0,445468
Crossbow Bolts +1,ARMS & ARMOUR,844,690,648,691,899,223895,190092,174090,179627.0,260239
Crossbow Bolts +2,ARMS & ARMOUR,844,2679,2164,1940,691,274460,869384,711336,638357.0,219040
Crossbow Bolts +3,ARMS & ARMOUR,716,795,1083,1161,1277,516666,534222,785754,773874.0,931962
Crossbow bolts (100) ,ARMS & ARMOUR,2194,3049,2733,2429,1079,1566261,2169195,1961538,1690491.0,780826
"Crossbow, hand ",ARMS & ARMOUR,1194,1165,1300,1057,1139,569468,557516,597432,517321.0,545847
"Crossbow, heavy ",ARMS & ARMOUR,2231,3168,3406,2542,1003,1253567,1855736,1968057,1452804.0,585411
"Crossbow, light ",ARMS & ARMOUR,1282,2801,2476,1065,1048,164832,368196,325204,140504.0,141448
Crowbar ,TOOLS & KITS,1194,1202,1150,1106,1151,543148,606253,549680,522577.0,523031
Crown of the Forest,ARMS & ARMOUR,796,791,725,795,840,247312,257402,226750,269690.0,262680
Crystal,ADVENTURING EQUIPMENT,1215,1117,1063,1158,1237,837114,778234,703246,772682.0,816402
Crystal Ball of Mind Reading,ADVENTURING EQUIPMENT,861,828,708,790,919,422997,365556,337512,346450.0,425539
Crystal Ball of Telepathy,ADVENTURING EQUIPMENT,822,684,766,735,900,265521,221692,240783,261475.3,277070
Crystal Ball of True Seeing,ADVENTURING EQUIPMENT,814,854,743,802,827,492564,496308,490866,476940.0,474834
Crystalline Chronicle,ADVENTURING EQUIPMENT,869,814,787,672,841,160566,129346,151368,143458.0,156674
Cube of Force,ADVENTURING EQUIPMENT,933,828,533,877,917,534984,486294,306834,504396.0,531966
Cubic Gate,SUMMONING DEVICE,938,887,745,708,768,274724,278366,217810,185538.40000000002,231264
Cursed Luckstone,ADVENTURING EQUIPMENT,845,797,853,784,741,743150,698528,747017,683691.0,648509
Daerns Instant Fortress,SUMMONING DEVICE,874,761,847,761,758,327124,273183,300830,259734.3,273594
Dagger ,ARMS & ARMOUR,2060,2860,2665,2451,1115,643740,754824,662676,669964.0,285084
Dagger of Blindsight,ARMS & ARMOUR,779,822,907,859,728,458268,476121,544968,491329.19999999995,443154
Dagger of Venom,ARMS & ARMOUR,908,748,1269,1392,1426,482523,384918,668253,752572.7999999999,793233
Dancing Sword,ARMS & ARMOUR,926,640,753,745,833,429144,345764,405391,372145.0,367019
Danoths Visor,ADVENTURING EQUIPMENT,697,852,766,623,923,159786,222066,227752,153801.6,229970
Dark Shard Amulet,ADVENTURING EQUIPMENT,934,753,863,779,877,230082,180569,206075,172857.0,213998
Dart (10),ARMS & ARMOUR,2162,2719,2614,2196,1167,1395572,1735769,1668814,1430314.0,748173
Dawnbringer,ARMS & ARMOUR,696,847,864,757,893,303526,361436,369260,336420.0,385664
Decanter of Endless Water,ADVENTURING EQUIPMENT,923,788,793,795,808,788302,675937,680437,688675.0,698287
Deck of Illusions,ADVENTURING EQUIPMENT,941,728,797,663,872,471000,371434,402334,358839.8,430002
Defender,ARMS & ARMOUR,757,783,799,712,816,519661,550563,550111,478793.2,544680
Demon Armour,ARMS & ARMOUR,885,644,827,1465,2405,468387,319872,371834,711363.0,1140843
Devastation Orb,ARMS & ARMOUR,800,758,807,783,826,240009,231929,221451,220971.59999999998,232663
Devotees Censer,ARMS & ARMOUR,758,701,735,2773,2841,169232,151584,149827,622382.0,642656
Dice set,TOOLS & KITS,1261,1201,1177,1264,1298,503135,453170,456512,451740.0,463723
Dimensional Shackles,ADVENTURING EQUIPMENT,877,788,854,835,812,361688,330172,383726,336390.0,367878
Disguise kit ,TOOLS & KITS,1093,1103,1078,1221,1280,565397,575893,562838,640659.0,666418
Dispelling Stone,ADVENTURING EQUIPMENT,890,850,834,650,762,513274,490970,479982,376237.0,443136
Dodecahedron of Doom,TOOLS & KITS,720,756,921,798,794,354464,367808,487618,421694.0,354002
Donkey,ANIMALS & TRANSPORTATION,1418,1141,1191,1218,1325,629360,501811,505928,548432.0,594958
Doss lute,MUSICAL INSTRUMENT,771,799,806,816,912,150658,161731,162862,163913.0,186074
Draft Horse,ANIMALS & TRANSPORTATION,995,1091,1073,1236,1158,408071,378083,428305,523504.0,514698
Dragon Scale Mail,ARMS & ARMOUR,1259,1908,1796,1585,834,613401,933372,877644,770055.0,405606
Dragon Slayer,ARMS & ARMOUR,748,1193,1211,1190,812,194882,295749,322147,313152.0,212708
Dragonchess set,TOOLS & KITS,1110,1188,1197,1177,1231,284553,332086,295133,311600.0,316008
Dragonguard,ARMS & ARMOUR,806,758,1778,871,822,250050,249234,597774,318729.0,263202
Dragonstaff of Ahghairon,ARMS & ARMOUR,858,1045,1192,3368,2425,614028,746166,871088,2424720.0,1728942
Dragontooth Dagger,ARMS & ARMOUR,1512,1684,793,775,764,620842,721232,309831,342204.0,348709
Drake,ANIMALS & TRANSPORTATION,1189,1416,1169,1170,1236,476535,566479,462450,418857.0,549272
Dread Helm,ADVENTURING EQUIPMENT,825,686,808,779,807,173700,142903,168909,164742.0,169536
Driftglobe,ADVENTURING EQUIPMENT,825,725,899,907,818,177330,159620,188669,201802.0,195638
Drown,ARMS & ARMOUR,681,845,825,795,743,175227,218579,212263,204665.0,190265
Drum,MUSICAL INSTRUMENT,1221,1174,1266,1155,1262,455379,394192,484118,444769.0,429524
Dulcimer,MUSICAL INSTRUMENT,1302,1216,1108,1112,1340,618364,526755,516198,468471.0,625900
Duplicitous Manuscript,POTIONS & SCROLLS,790,689,706,740,853,403866,345987,342590,358764.0,427783
Duskcrusher,ARMS & ARMOUR,789,685,737,726,666,503470,440386,468426,461260.0,423304
Dust of Deliciousness,ADVENTURING EQUIPMENT,943,875,803,848,929,720179,673939,616924,657369.0,709764
Dust of Disappearance,ADVENTURING EQUIPMENT,797,878,889,883,872,229828,275602,290186,306062.0,314428
Dust of Dryness,ADVENTURING EQUIPMENT,966,844,851,728,759,313014,271612,280487,230504.5,243255
Dust of Sneezing and Choking,ADVENTURING EQUIPMENT,679,855,860,672,749,479962,616760,617845,475576.0,539802
Dwarven Plate,ARMS & ARMOUR,1272,2228,1809,841,688,596172,1015888,815324,372496.0,287608
Dwarven Thrower,ARMS & ARMOUR,703,1072,1213,2891,2506,259123,349976,429340,958252.0,870446
Dyrrns Tentacle Whip,ARMS & ARMOUR,939,943,722,972,1185,385636,380365,293493,403830.0,476681
Eagle Whistle,ADVENTURING EQUIPMENT,754,945,755,921,668,571700,674339,559387,688639.0,494320
Ear Horn of Hearing,ADVENTURING EQUIPMENT,837,867,756,744,777,205540,239091,209388,200862.0,228897
Ear Worm,ADVENTURING EQUIPMENT,768,835,613,933,703,318802,339437,254560,377594.0,278662
Earth Elemental Essence Shard,ADVENTURING EQUIPMENT,777,775,804,949,804,262367,248757,269464,280277.0,241492
Ebony Fly of Wondrous Power,SUMMONING DEVICE,724,784,698,831,895,442809,530123,447273,483494.1,541164
Efficient Quiver,ADVENTURING EQUIPMENT,874,859,914,710,707,505510,514608,552301,405437.6,417144
Efreeti Bottle,SUMMONING DEVICE,883,734,833,858,905,84423,82684,91903,92948.0,109430
Efreeti Chain,ARMS & ARMOUR,1624,1485,895,814,2718,867341,770718,487652,402794.0,1456893
Elemental Gem,SUMMONING DEVICE,933,761,712,858,837,466929,368131,323894,504222.1,452267
Elephant,ANIMALS & TRANSPORTATION,1388,1142,1237,1397,1316,713932,607398,636391,706567.0,692144
Elixir of Health,POTIONS & SCROLLS,873,755,897,841,843,359970,340942,411522,359690.0,345582
Emblem (Holy symbol),ADVENTURING EQUIPMENT,1078,1170,995,1182,1233,312316,362372,321123,386293.0,379762
Enduring Spellbook,ADVENTURING EQUIPMENT,861,717,751,668,795,474939,395262,414654,368112.0,438012
Ersatz Eye,ADVENTURING EQUIPMENT,676,823,733,813,675,468916,559988,483661,542797.0,457135
Everbright Lantern,ADVENTURING EQUIPMENT,967,910,564,834,846,449416,447690,261517,390997.0,402173
Eversmoking Bottle,ADVENTURING EQUIPMENT,795,830,875,656,862,574701,626356,637579,470032.0,623872
Exotic Saddle,ANIMALS & TRANSPORTATION,1297,1213,1279,1302,1200,621853,582170,631357,605262.0,598862
Eyes of Charming,ADVENTURING EQUIPMENT,872,802,827,724,853,196088,190296,184464,154904.0,188408
Eyes of Minute Seeing,ADVENTURING EQUIPMENT,923,763,774,782,777,424502,326141,357653,341199.0,335410
Eyes of the Eagle,ADVENTURING EQUIPMENT,615,837,861,800,761,313490,406166,421478,405440.0,376238
Fane-Eater,ARMS & ARMOUR,857,701,845,759,718,183386,153608,184205,156772.0,155239
Far Realm Shard,ADVENTURING EQUIPMENT,813,721,957,671,803,368111,310507,429367,290846.2,381273
Feather Token (Anchor),ADVENTURING EQUIPMENT,853,921,839,916,902,452352,462384,409457,449302.99999999994,460472
Feather Token (Bird),ADVENTURING EQUIPMENT,839,751,841,819,736,494022,441910,500258,485758.0,434056
Feather Token (Fan),ADVENTURING EQUIPMENT,790,615,748,787,781,426834,306153,382122,382743.0,381501
Feather Token (Feather Fall),ADVENTURING EQUIPMENT,795,784,896,732,877,596195,583086,663086,540816.0,666351
Feather Token (Swan Boat),ADVENTURING EQUIPMENT,867,768,734,920,978,137172,121644,116284,142004.00000000003,154980
Feather Token (Tree),ADVENTURING EQUIPMENT,744,838,868,778,821,214266,231987,248482,214637.0,227029
Feather Token (Whip),ADVENTURING EQUIPMENT,834,843,636,959,850,648636,651288,484683,746256.0,646332
Feather of Diatryma Summoning,SUMMONING DEVICE,996,806,721,798,719,226872,202395,187773,182457.0,194943
Fernian Ash Focus,ADVENTURING EQUIPMENT,808,685,908,639,788,631856,541442,707560,516078.0,612784
Feywild Shard,ADVENTURING EQUIPMENT,750,762,764,776,682,82503,84555,82075,81948.6,76808
Finders Goggles,ADVENTURING EQUIPMENT,703,753,719,756,713,480554,504009,480161,515533.0,515541
Fire Elemental Essence Shard,ADVENTURING EQUIPMENT,851,766,943,851,864,234055,203690,268515,282950.0,249085
Fishing tackle ,TOOLS & KITS,1271,1134,1201,1159,1337,351985,300608,329955,317769.0,372842
Flail ,ARMS & ARMOUR,1251,2009,2147,1311,2001,569404,909671,913194,541584.0,891639
Flame Tongue,ARMS & ARMOUR,770,701,908,1290,718,599632,543985,696152,998128.0,547598
Flask or tankard (Set of 24),TOOLS & KITS,1407,1364,1292,1280,1243,1276336,1222964,1168260,1148020.0,1129796
Flute,MUSICAL INSTRUMENT,1178,1238,1075,1108,1153,322321,317641,288214,288104.0,315437
Fochlucan bandore,MUSICAL INSTRUMENT,854,716,807,717,982,348936,287864,329528,291208.0,410728
Folding Boat,ANIMALS & TRANSPORTATION,437,367,497,436,428,33649,28259,38269,33572.0,32956
Forgery kit ,TOOLS & KITS,1144,1044,1131,1228,1198,622784,563405,643839,602301.0,569294
Frost Brand,ARMS & ARMOUR,718,2018,1698,796,761,362362,980662,836382,396484.0,419899
Fulminating Treatise,ADVENTURING EQUIPMENT,935,785,820,727,788,814430,683474,715354,632506.0,687428
Galders Trusty Pipe,ADVENTURING EQUIPMENT,790,882,952,783,758,127585,143678,160170,133247.0,138472
Gamblers Sword,ARMS & ARMOUR,924,798,1050,716,648,369144,288164,472348,284820.0,256932
Gauntlets of Flaming Fury,ADVENTURING EQUIPMENT,808,756,645,736,842,401668,360971,320588,369547.0,427579
Gauntlets of Ogre Power,ADVENTURING EQUIPMENT,828,751,869,691,858,317734,332272,395866,316340.0,457182
Gavel of the Venn Rune,ADVENTURING EQUIPMENT,1115,860,909,802,955,863095,667825,707598,618449.0,748085
Gem of Brightness,ADVENTURING EQUIPMENT,693,811,770,897,925,289928,353892,375600,386384.0,413728
Gem of Seeing,ADVENTURING EQUIPMENT,901,718,794,678,685,368147,292846,326993,276663.3,279870
Ghost Lantern,ADVENTURING EQUIPMENT,812,798,905,744,740,230877,189477,258618,206798.4,169653
Giant Riding Lizard,ANIMALS & TRANSPORTATION,1146,1241,1140,1112,1043,869835,941944,883452,855112.0,803107
Giant Slayer,ARMS & ARMOUR,1533,2331,2401,796,833,438950,667577,674398,227545.0,217022
Giant War Lizard,ANIMALS & TRANSPORTATION,1277,1172,1315,1293,1139,539677,497321,490346,540023.0,444029
Glaive ,ARMS & ARMOUR,2475,2187,1347,1162,1282,524168,458643,281081,251753.0,280857
Glamoured Studded Leather,ARMS & ARMOUR,840,855,689,939,737,130560,129136,106984,145540.0,111008
Glamourweave,ADVENTURING EQUIPMENT,814,828,798,714,813,348488,344784,353347,304546.0,360692
Glass Bottle (Crate),POTIONS & SCROLLS,1375,1095,1179,1231,1271,665145,517411,596315,572925.0,592753
Glassblower’s tools ,TOOLS & KITS,1336,1249,1271,1100,1154,336236,306851,328261,291092.0,255882
Gloves of Missile Snaring,ADVENTURING EQUIPMENT,881,836,753,791,830,505219,474608,428107,487485.0,471050
Gloves of Soul Catching,ADVENTURING EQUIPMENT,781,882,813,789,947,386548,470411,409544,419100.0,463037
Gloves of Swimming and Climbing,ADVENTURING EQUIPMENT,777,824,739,739,640,431014,469098,396313,416333.0,357670
Gloves of Thievery,ADVENTURING EQUIPMENT,868,716,754,758,807,485000,364240,414680,429340.0,479190
Goggles of Night,ADVENTURING EQUIPMENT,874,841,682,749,936,413778,401712,332754,366555.6,456837
Goggles of Object Reading,ADVENTURING EQUIPMENT,837,900,829,824,855,302689,335804,292665,313250.0,297677
Golden Lions of Wondrous Power,SUMMONING DEVICE,973,898,714,802,763,524769,445029,385182,416301.0,388419
Grappling hook ,TOOLS & KITS,1230,1038,1174,1177,1315,701455,571772,594462,607559.0,729469
Greataxe ,ARMS & ARMOUR,1268,1212,1118,1543,1897,598228,590898,512984,723240.0,894234
Greatclub,ARMS & ARMOUR,1255,1204,1844,2267,2072,401588,382162,578890,687991.0,659060
Greater Silver Sword,ARMS & ARMOUR,757,825,720,641,906,515820,534036,484888,411752.8,609872
Greatsword ,ARMS & ARMOUR,1179,3025,4591,7116,4302,774884,1979255,3006764,4684599.0,2768712
Green Dragon Mask,ARMS & ARMOUR,1946,3134,3478,3223,2850,602791,992599,1085843,1015460.0,902556
Grimorie Infinitus,ADVENTURING EQUIPMENT,808,743,725,847,850,358909,279311,296914,321254.0,311008
Gryphon,ANIMALS & TRANSPORTATION,1263,1155,1149,1247,1241,568991,517532,518854,559535.0,560230
Guardian Emblem,ADVENTURING EQUIPMENT,677,725,891,769,824,103209,110127,131288,114559.0,124320
Guitar,MUSICAL INSTRUMENT,1294,1131,1196,1277,1256,584219,521390,646002,619290.0,587837
Halberd ,ARMS & ARMOUR,1265,1273,1272,1869,1884,854005,913593,862360,1286185.0,1315252
Half plate ,ARMS & ARMOUR,3346,4428,2363,1254,1283,1387336,1895166,933227,483744.0,466865
Hammer ,TOOLS & KITS,1309,1248,1166,1292,1088,295800,273615,264979,322388.0,258502
Hammer of Thunderbolts,ARMS & ARMOUR,1104,3161,2627,1228,734,775545,2211510,1893680,859205.0,525990
"Hammer, sledge ",TOOLS & KITS,1230,1108,1145,1123,1268,596828,623788,566060,572806.0,650309
Handaxe ,ARMS & ARMOUR,1159,1213,1251,1278,1296,533766,575611,578682,587235.0,659929
Hat of Disguise,ADVENTURING EQUIPMENT,753,828,800,794,866,308598,310767,338661,304543.0,299870
Hat of Vermin,ADVENTURING EQUIPMENT,960,941,829,797,878,692270,685134,627321,597413.0,665972
Hat of Wizardry,ADVENTURING EQUIPMENT,877,825,823,733,779,598782,566321,567272,498100.0,533165
Hazirawn,ARMS & ARMOUR,1449,2984,3913,7685,4689,385795,797234,1055351,2039611.8999999994,1259189
Headband of Intellect,ADVENTURING EQUIPMENT,874,695,806,776,850,577410,459425,534598,511508.0,564106
Healer’s kit ,TOOLS & KITS,1287,1184,1224,1180,1225,1013846,894886,948335,908556.0,934256
Heart Weavers Primer,ADVENTURING EQUIPMENT,823,596,615,744,929,447600,296803,328100,362772.0,464033
Heavy Armour +1,ARMS & ARMOUR,936,757,760,822,1392,592503,482496,479940,519351.0,885627
Heavy Armour +2,ARMS & ARMOUR,857,1036,1280,903,734,393223,437828,625696,399679.0,355518
Heavy Armour +3,ARMS & ARMOUR,883,817,874,855,751,795650,737347,784099,774730.0,678027
Hell Hound Cloak,ADVENTURING EQUIPMENT,764,864,699,737,773,388888,435806,365836,362411.60000000003,353401
Hellsteel Martial Melee Weapon,ARMS & ARMOUR,2461,4328,2340,1164,1237,1902835,3308137,1792108,889258.0,940331
Hellsteel Martial Ranged Weapon,ARMS & ARMOUR,1295,1229,1130,2162,1257,857641,739727,652430,1302254.0,786607
Hellsteel Simple Melee Weapon,ARMS & ARMOUR,1341,1126,1174,1061,3830,872987,733443,764600,688264.0,2492078
Hellsteel Simple Ranged Weapon,ARMS & ARMOUR,1161,1126,1218,1122,1294,635214,597356,624896,578762.0,650667
Helm of Brilliance,ADVENTURING EQUIPMENT,721,763,793,905,840,447734,471908,499840,565854.0,527906
Helm of Comprehending Languages,ADVENTURING EQUIPMENT,866,921,723,832,795,448872,473020,355180,419704.0,400116
Helm of Devil Command,ADVENTURING EQUIPMENT,696,831,806,829,767,226824,264150,271200,270814.0,244378
Helm of Telepathy,ADVENTURING EQUIPMENT,847,889,802,847,795,561153,596861,549323,582403.0,522330
Helm of Teleportation,ADVENTURING EQUIPMENT,757,921,840,762,797,461652,560225,510881,463529.0,483180
Herbalism kit ,TOOLS & KITS,1174,1393,1319,1220,1292,568800,658435,713640,613171.0,712178
Hew,ARMS & ARMOUR,721,750,850,703,927,388659,402942,441000,389700.0,509361
Hewards Handy Haversack,ADVENTURING EQUIPMENT,894,754,768,902,809,530742,468232,443892,506146.8,508976
Hewards Handy Spice Pouch,ADVENTURING EQUIPMENT,884,735,849,702,890,641108,535175,634921,506382.0,665450
Hewards Hireling Armour,ARMS & ARMOUR,1189,2309,2509,1730,1256,277988,510178,608792,392502.0,280408
Hide armour,ARMS & ARMOUR,1353,1126,1259,1149,1120,950903,750359,873423,838905.0,820860
Hide of the Feral Guardian,ARMS & ARMOUR,1252,2235,2065,856,792,586770,1020960,944814,391878.0,384072
Holy Avenger,ARMS & ARMOUR,837,666,766,833,930,266310,215781,229849,255387.09999999998,281592
Holy Symbol of Ravenkind,ADVENTURING EQUIPMENT,752,722,792,798,741,202848,179268,214488,214452.0,201699
Holy water (flask) ,POTIONS & SCROLLS,1175,1127,1177,1167,1319,589350,628694,650785,644110.0,775010
Hook of Fishers Delight,ADVENTURING EQUIPMENT,1033,802,885,874,947,527783,412130,446895,461450.0,463045
Horn,MUSICAL INSTRUMENT,1193,1058,1163,1121,1455,472968,403511,435149,385340.0,528113
Horn of Blasting,ADVENTURING EQUIPMENT,782,761,583,842,880,115772,130295,85129,136358.0,134428
Horn of Endless Maze,SUMMONING DEVICE,784,843,815,698,762,512988,547476,527400,453981.0,495654
Horn of Silent Alarm,ADVENTURING EQUIPMENT,780,881,883,810,885,554076,615117,629511,576162.0,624321
Horseshoes of Speed,ANIMALS & TRANSPORTATION,415,464,394,407,319,192560,215296,182816,183187.2,148016
Horseshoes of a Zephyr,ANIMALS & TRANSPORTATION,409,344,447,393,407,4499,3784,4917,4227.3,4477
Hourglass ,TOOLS & KITS,1368,1239,987,1218,1102,797500,713067,567357,688955.0,654752
Hunters Coat,ARMS & ARMOUR,856,894,810,1208,1266,347928,344248,375894,563781.1,597980
Hunting trap ,ADVENTURING EQUIPMENT,1194,1358,1117,1229,1282,475968,652922,523364,534973.0,547645
Illuminators Tattoo Enchantment,POTIONS & SCROLLS,709,788,890,858,736,414694,460424,519528,496432.0,428780
Illusionists Bracers,ADVENTURING EQUIPMENT,771,851,788,913,740,499641,554618,510707,584284.1,475226
Imbued Wood Focus,ADVENTURING EQUIPMENT,819,709,852,789,893,270879,286709,331896,355755.0,351883
Immovable Rod,ADVENTURING EQUIPMENT,751,754,848,759,941,450597,487656,499449,437375.1,512403
Infernal Puzzle Box,ADVENTURING EQUIPMENT,924,630,651,798,839,348816,222414,251469,285642.0,359293
Infernal Tack,SUMMONING DEVICE,894,735,874,743,832,568655,476973,555518,456014.79999999993,534560
Infiltrators Key,ADVENTURING EQUIPMENT,875,704,794,762,749,561990,451143,512061,490083.0,482460
Ingots of the Skold Rune,ADVENTURING EQUIPMENT,694,940,880,809,868,559610,756188,710441,662887.0,715538
Ink (Crate) ,POTIONS & SCROLLS,1302,1046,1183,1395,1276,588009,460147,530210,615252.0,576073
Ink pen (with Ink),POTIONS & SCROLLS,1194,1022,1229,1117,1223,633174,588206,621352,589230.0,613710
Inquisitives Goggles,ADVENTURING EQUIPMENT,835,741,794,584,776,538391,457702,495530,373184.0,493787
Insignia of Claws,ADVENTURING EQUIPMENT,1076,901,564,843,951,577809,531969,313173,490116.0,578754
Instrument of Illusions,MUSICAL INSTRUMENT,877,836,819,830,721,382123,347014,356326,352473.10000000003,308434
Instrument of Scribing,MUSICAL INSTRUMENT,835,816,676,778,899,429264,424618,336314,325754.0,482532
Ioun Stone - Absorption,ADVENTURING EQUIPMENT,787,789,833,906,924,368091,424971,444555,482238.0,454410
Ioun Stone - Agility,ADVENTURING EQUIPMENT,796,846,769,896,800,475912,498572,451470,538168.0,450160
Ioun Stone - Awareness,ADVENTURING EQUIPMENT,764,1028,777,676,807,518016,698295,529308,459408.0,547581
Ioun Stone - Fortitude,ADVENTURING EQUIPMENT,787,754,735,719,818,443387,432289,416386,388226.0,459207
Ioun Stone - Greater Absorption,ADVENTURING EQUIPMENT,897,853,773,779,945,615771,592293,531513,520182.0,628806
Ioun Stone - Gunner,ADVENTURING EQUIPMENT,797,777,765,823,900,480464,473224,473280,509640.8,601900
Ioun Stone - Historical Knowledge,ADVENTURING EQUIPMENT,827,787,823,897,805,358443,330323,365427,380793.0,350640
Ioun Stone - Insight,ADVENTURING EQUIPMENT,811,690,691,709,833,621423,544704,532163,522255.89999999997,648145
Ioun Stone - Intellect,ADVENTURING EQUIPMENT,764,703,729,846,734,313812,357894,356022,424548.0,327852
Ioun Stone - Language Knowledge,ADVENTURING EQUIPMENT,862,828,719,779,871,339628,338506,269207,298623.0,358697
Ioun Stone - Leadership,ADVENTURING EQUIPMENT,850,828,735,829,775,281955,282525,238530,284400.0,277860
Ioun Stone - Mastery,ADVENTURING EQUIPMENT,806,726,950,774,789,411207,363498,535656,384030.0,404007
Ioun Stone - Natural Knowledge,ADVENTURING EQUIPMENT,776,830,813,720,960,605557,632619,615999,518880.6,722207
Ioun Stone - Protection,ADVENTURING EQUIPMENT,920,704,740,656,730,861575,659247,692985,614338.0,683629
Ioun Stone - Regeneration,ADVENTURING EQUIPMENT,891,712,877,919,877,738069,583278,718255,746796.7,719233
Ioun Stone - Religious Knowledge,ADVENTURING EQUIPMENT,761,869,882,890,870,637023,730307,748095,756044.8,739919
Ioun Stone - Reserve,ADVENTURING EQUIPMENT,1074,808,795,812,758,239593,189326,183823,180719.0,177651
Ioun Stone - Self-Preservation,ADVENTURING EQUIPMENT,713,714,699,908,806,197317,217098,211149,274466.3,258544
Ioun Stone - Strength,ADVENTURING EQUIPMENT,791,708,607,763,898,188944,167552,150633,176792.0,214907
Ioun Stone - Supreme Intellect,ADVENTURING EQUIPMENT,682,762,780,791,955,191554,218071,227914,191669.0,236444
Ioun Stone - Sustenance,ADVENTURING EQUIPMENT,906,843,855,759,803,267651,262801,261938,226300.0,247912
Ioun Stone - Vitality,ADVENTURING EQUIPMENT,817,824,760,645,835,568830,598807,515706,435472.0,561654
Irian Rosewood Focus,ADVENTURING EQUIPMENT,710,904,828,949,867,165038,230996,211076,227064.59999999998,225711
Iron Bands of Bilarro,ADVENTURING EQUIPMENT,807,815,793,775,719,510993,497059,478595,465023.0,439147
Iron Flask (Empty),SUMMONING DEVICE,866,817,873,718,790,293827,318785,326406,224999.0,302999
Iron Horn of Valhalla,SUMMONING DEVICE,814,939,880,793,825,202898,233601,220184,196529.0,203277
Ironfang,ARMS & ARMOUR,2034,3045,3041,2985,2454,969490,1562652,1469984,1477340.0,1200375
Ivory Goats of Wondrous Power,SUMMONING DEVICE,724,827,945,865,759,521851,566998,656323,604618.0,543670
Javelin (10),ARMS & ARMOUR,1198,1543,2971,4179,2404,345498,458550,849510,1295336.0,731102
Javelin of Backbiting,ARMS & ARMOUR,886,713,814,930,803,549138,441519,502872,573180.0,496029
Javelin of Lightning,ARMS & ARMOUR,820,872,1513,3341,2953,107033,98878,186234,407585.0,367690
Jeweler’s tools ,TOOLS & KITS,1258,1316,1221,1303,1214,1013828,1058186,978952,1051652.0,973942
Keoghtoms Ointment,ADVENTURING EQUIPMENT,840,699,772,688,845,348450,288813,313282,295120.0,309863
Keycharm,ADVENTURING EQUIPMENT,793,856,650,671,908,101172,113599,88490,75998.3,124097
Knaves Eyepatch,ARMS & ARMOUR,852,898,731,870,824,661864,703356,581552,668142.3999999999,642312
Korolnor Scepter,ARMS & ARMOUR,1563,2631,2912,1964,1256,1137099,1827078,2044891,1389955.0,886357
Kyrzins Ooze,ADVENTURING EQUIPMENT,827,919,978,833,891,667459,710063,786558,683977.0,709209
Kythrian Manchineel Focus,ADVENTURING EQUIPMENT,858,750,805,751,791,317498,274323,279001,267570.89999999997,304183
Ladder (10-foot) ,TOOLS & KITS,1237,1107,1199,1189,1172,451428,439937,436963,458443.0,445420
Lamannian Oak Focus,ADVENTURING EQUIPMENT,675,693,692,782,742,323205,315963,288152,351990.0,302382
Lamp ,TOOLS & KITS,1313,1095,1140,1101,1183,790259,647775,678489,619716.0,742703
Lance ,ARMS & ARMOUR,1164,2915,3506,3936,1797,647036,1632467,1843244,2135916.0,972358
Lantern of Revealing,ADVENTURING EQUIPMENT,679,825,892,752,720,282424,343525,373997,315824.0,310494
Lantern of Tracking,ADVENTURING EQUIPMENT,893,840,799,743,832,355583,328040,322269,279393.0,328782
"Lantern, bullseye ",TOOLS & KITS,1247,1079,1226,1181,1158,210409,191695,202108,216138.0,185670
"Lantern, hooded ",TOOLS & KITS,1209,1069,1297,1221,1189,561059,481693,576763,537978.0,539101
Last Stand Armour,ARMS & ARMOUR,914,752,674,791,722,748328,626462,543566,642936.2000000001,585701
Leather Armour,ARMS & ARMOUR,1224,1173,1174,1181,1329,453376,387697,419512,440462.0,486794
Leather Golem Armour,ARMS & ARMOUR,716,825,727,724,727,237597,299156,239896,255005.0,251979
Leatherworker’s tools ,TOOLS & KITS,1138,1253,1183,1124,1162,616866,672274,605170,571869.0,604886
Legendary Crafting Components,TOOLS & KITS,808,911,705,833,724,287668,335357,251543,304535.0,273472
Libram of Souls & Flesh,ADVENTURING EQUIPMENT,845,708,675,873,851,619893,539418,486592,654973.0,634849
Lifewell Tattoo Enchantment,POTIONS & SCROLLS,798,905,887,655,722,252420,266012,248012,186820.8,200696
Light Armour +1,ARMS & ARMOUR,745,783,797,987,1305,446016,483218,468490,572838.0,798536
Light Armour +2,ARMS & ARMOUR,769,809,781,719,782,407203,423548,415351,376343.0,413558
Light Armour +3,ARMS & ARMOUR,2583,1550,1382,1607,1293,1123879,694008,574424,685749.0,544903
Light hammer,ARMS & ARMOUR,2164,2697,2594,2657,1117,1344697,1645560,1613855,1682822.0,681406
Lightbringer,ARMS & ARMOUR,787,833,876,850,772,541637,571263,615916,596036.0,537184
Living Gloves,ARMS & ARMOUR,1017,2475,2293,732,783,518723,1237709,1163585,380394.0,449527
Living Heavy Armour,ARMS & ARMOUR,3241,2239,2604,2210,779,1581681,1069776,1230738,1118757.0,354087
Living Light Armour,ARMS & ARMOUR,1027,1172,1404,823,834,395655,462954,590616,357873.0,351102
Living Medium Armour,ARMS & ARMOUR,873,887,711,906,820,585506,603552,474982,609458.0,570466
Loadstone,ADVENTURING EQUIPMENT,799,762,793,741,713,572810,539140,570192,536270.0,509572
Lock (Box of 12),TOOLS & KITS,1261,1272,1193,1190,1234,484577,504131,479986,478567.0,499424
Lock of Trickery,ADVENTURING EQUIPMENT,849,726,832,795,773,369711,316021,361595,346821.0,336043
Longbow ,ARMS & ARMOUR,1187,1209,2070,5096,4321,714358,729264,1233490,3023304.0,2533942
Longsword ,ARMS & ARMOUR,1137,1022,1159,1131,1171,263484,252993,282481,277621.0,288945
Lost Crown of Besilmer,ADVENTURING EQUIPMENT,826,803,938,821,689,711214,692367,806162,694777.3,592761
Lute,MUSICAL INSTRUMENT,1205,1184,1094,1093,1060,355814,368673,379282,315543.0,365858
Luxon Beacon,ADVENTURING EQUIPMENT,783,662,872,857,711,555193,472572,632062,601697.0,485865
Lyre,MUSICAL INSTRUMENT,1136,1299,1193,1087,1049,643412,712244,675666,632257.0,561086
Lyre of Building,MUSICAL INSTRUMENT,777,789,850,767,806,308943,321093,343524,292245.0,327678
Mabaran Ebony Focus,ADVENTURING EQUIPMENT,735,816,856,676,873,372864,405552,454664,332840.0,461286
Mac-Fuirmidh cittern,MUSICAL INSTRUMENT,779,825,842,727,686,269452,283524,289720,246122.40000000002,236200
Mace ,ARMS & ARMOUR,1143,1061,1123,2017,1163,393425,346402,390977,716090.0,350126
Mace of Disruption,ARMS & ARMOUR,849,765,867,891,849,48696,47190,50988,51474.0,49776
Mace of Smiting,ARMS & ARMOUR,809,709,698,756,857,416347,365236,359901,392168.0,437520
Mace of Terror,ARMS & ARMOUR,1680,1915,1352,1472,1520,863142,994453,691526,735373.0999999999,787580
Magical Elven Chain,ARMS & ARMOUR,817,812,829,854,756,434303,485862,469474,501218.0,372921
Magnifying glass ,TOOLS & KITS,1259,1192,1303,1270,1209,468215,442190,559969,549874.0,453277
Manacles ,TOOLS & KITS,1168,1122,1160,1137,1288,389618,350559,393256,365231.0,396637
Mantle of Spell Resistance,ADVENTURING EQUIPMENT,888,849,855,822,914,579679,565029,595178,541894.0,603148
Manual of Bodily Health,POTIONS & SCROLLS,821,923,923,751,830,620085,695600,709470,567760.0,620060
Manual of Gainful Exercise,POTIONS & SCROLLS,854,1002,751,751,903,375344,450708,344451,353511.0,395635
Manual of Golems,SUMMONING DEVICE,592,853,888,705,827,399638,574327,596062,473735.0,552883
Manual of Quickness of Action,POTIONS & SCROLLS,812,915,767,844,775,32252,38355,25167,31870.7,39255
Marble Elephant of Wondrous Power,SUMMONING DEVICE,821,798,904,694,830,666986,652588,743834,557351.0,680850
Mariners Armour,ARMS & ARMOUR,855,817,867,3094,2645,160724,155961,163263,591772.0,501307
Marvelous Pigments,ADVENTURING EQUIPMENT,915,887,860,905,792,518970,492662,482936,515828.0,449190
Mask of the Beast,ADVENTURING EQUIPMENT,755,831,849,776,888,452567,551041,499435,498238.0,570214
Mason’s tools ,TOOLS & KITS,1304,1012,1188,1099,1268,385060,282882,349179,327551.0,359271
Masquerade Tattoo Enchantment,POTIONS & SCROLLS,838,897,788,759,934,553376,555168,468946,471618.8,620510
Mastiff,ANIMALS & TRANSPORTATION,1223,1103,1242,1000,1138,453875,411086,457688,382024.0,408685
Maul ,ARMS & ARMOUR,1215,2802,2938,2333,5009,599220,1356150,1378889,1146616.0,2538037
Medallion of Thoughts,JEWELRY,791,750,746,830,847,421417,391410,399862,426145.4,443729
Medium Armour +1,ARMS & ARMOUR,761,857,808,1292,2207,43194,53756,47688,68732.8,134954
Medium Armour +2,ARMS & ARMOUR,814,748,983,1020,1300,452769,426165,548157,545715.0,731346
Medium Armour +3,ARMS & ARMOUR,826,732,806,842,994,241146,196074,235054,239099.59999999998,290596
Mending Clothes Enchantment,POTIONS & SCROLLS,795,771,827,723,665,403700,405086,412302,387081.2,349866
Mess kit ,TOOLS & KITS,1417,1161,1224,993,1192,774578,623765,670081,509562.0,660681
Military Boots,ADVENTURING EQUIPMENT,1209,1225,1015,1210,1102,418791,376086,324183,418770.0,385371
Military Camoflage (Desert),ADVENTURING EQUIPMENT,1103,1057,1231,1187,1304,305237,316962,349570,320755.0,333947
Military Camoflage (Snow),ADVENTURING EQUIPMENT,1306,1256,1058,1232,1057,487414,484564,403586,461055.0,397159
Military Saddle,ANIMALS & TRANSPORTATION,1187,1217,1208,1168,1230,256967,236925,237698,232243.0,235829
Mirror of Life Trapping,ADVENTURING EQUIPMENT,715,746,866,742,845,450958,473746,545384,460258.0,510990
Mirror of the Past,ADVENTURING EQUIPMENT,680,869,790,753,728,248080,356896,341029,335882.0,284670
"Mirror, steel ",TOOLS & KITS,1076,1183,1091,1295,1241,723620,867718,735033,893568.0,903031
Mithral Armour,ARMS & ARMOUR,909,917,1217,1577,1557,420156,428722,584600,737908.0,731144
Moodmark Paint,ADVENTURING EQUIPMENT,782,745,805,807,767,257096,277860,291680,301625.80000000005,291751
Moon-Touched 1H-Sword,ARMS & ARMOUR,623,740,970,794,1355,298945,344062,469616,376691.4,660067
Moonblade,ARMS & ARMOUR,858,751,699,836,740,184008,160801,149694,179531.0,160889
Morningstar ,ARMS & ARMOUR,4787,3704,4149,3699,2551,3280344,2560056,2866441,2497571.0,1739449
Mule,ANIMALS & TRANSPORTATION,1199,1267,1299,1067,1335,701975,724511,756303,611680.0,764829
Mummy Rot Antidote,POTIONS & SCROLLS,992,709,864,845,803,731737,514596,626424,608819.0,588499
Mystery Key,ADVENTURING EQUIPMENT,806,839,752,628,795,566478,602019,544676,455022.5,574395
Natures Mantle,ADVENTURING EQUIPMENT,838,729,831,852,795,179348,144851,171456,177135.8,154773
Navigator’s tools ,TOOLS & KITS,1249,1196,1192,1185,1319,715621,658874,710690,658262.0,730989
Necklace of Adaptation,JEWELRY,921,767,861,701,790,697422,565180,642696,532918.0,575624
Necklace of Fireballs,JEWELRY,631,860,745,864,840,332160,425836,395304,462460.0,470624
Necklace of Prayer Beads,JEWELRY,802,827,666,740,781,432071,429486,365378,391275.0,430473
Needle of Mending,ADVENTURING EQUIPMENT,791,726,868,811,779,85922,78918,94108,88530.0,84218
Net,ARMS & ARMOUR,3672,2048,1083,1304,1106,1955512,1096716,577297,660666.0,616258
Night Caller,ADVENTURING EQUIPMENT,708,861,794,760,731,243678,306558,274968,277938.0,254994
Nightfall Pearl,ADVENTURING EQUIPMENT,884,762,651,830,861,810200,698660,595490,740750.0,789810
Nine Lives Stealer,ARMS & ARMOUR,777,801,744,816,947,366593,343704,342206,352904.0,424623
Nolzurs Marvelous Pigments,ADVENTURING EQUIPMENT,739,825,682,799,685,333966,418387,363929,425057.0,326067
Oathbow,ARMS & ARMOUR,2283,1366,898,897,833,1681098,998656,639328,661802.0,628138
Obsidian Flint Dragon Plate,ARMS & ARMOUR,821,824,744,849,921,656552,623548,586983,663303.0,720767
Obsidian Steed of Wondrous Power,SUMMONING DEVICE,959,831,732,864,874,414169,381559,334727,418580.0,420138
Oil (flask) ,POTIONS & SCROLLS,1311,1139,1127,1253,1293,653296,595128,563200,655304.0,667296
Oil of Etherealness,ADVENTURING EQUIPMENT,840,731,769,834,827,414246,358203,392355,497152.8,376455
Oil of Sharpness,ADVENTURING EQUIPMENT,840,785,837,1016,880,288120,264529,286853,346176.0,298644
Oil of Slipperiness,ADVENTURING EQUIPMENT,823,786,695,792,855,392705,372570,330617,378268.0,409793
Ollamh harp,MUSICAL INSTRUMENT,700,740,816,638,647,163222,198263,212037,144956.5,157724
Onyx Dog of Wondrous Power,SUMMONING DEVICE,813,751,790,707,746,656996,606838,637050,561354.0,595480
Opal of the Ild Rune,ADVENTURING EQUIPMENT,717,897,836,746,725,409022,528242,495534,447184.0,417511
Orb,ADVENTURING EQUIPMENT,1293,1096,1270,1351,1286,690599,598343,695440,745185.0,713058
Orb of Direction,ADVENTURING EQUIPMENT,759,763,904,956,808,210577,203007,273220,246811.5,264720
Orb of Gonging,ADVENTURING EQUIPMENT,837,822,762,811,726,456717,395458,344174,346867.0,331224
Orb of Shielding,ADVENTURING EQUIPMENT,794,878,864,824,906,280723,325377,291322,285982.0,308215
Orb of Time,ADVENTURING EQUIPMENT,732,763,693,896,895,437589,441183,335544,538056.0,524838
Orb of the Stein Rune,ADVENTURING EQUIPMENT,729,686,871,700,790,306903,290182,367967,293051.3,334040
Orb of the Veil,ADVENTURING EQUIPMENT,934,805,797,704,766,364718,312845,309109,268958.4,297998
Orcsplitter,ARMS & ARMOUR,775,885,874,683,961,323391,368221,363658,281643.1,401353
Outer Essence Shard,ADVENTURING EQUIPMENT,815,845,698,756,888,369476,340876,288920,333732.8,344288
Ox,ANIMALS & TRANSPORTATION,1067,1176,1156,1134,1248,824525,905174,896014,848313.0,947506
Pack Saddle,ANIMALS & TRANSPORTATION,1162,1345,1219,1160,1280,733489,829183,759487,722687.0,774440
Padded armour,ARMS & ARMOUR,1201,3016,2524,1221,1367,693521,1672563,1406162,683652.0,773343
Painter’s supplies ,TOOLS & KITS,1237,1383,1167,1221,1134,814265,919005,758943,791781.0,727846
Pan flute,MUSICAL INSTRUMENT,1258,1172,1221,1184,1063,498360,440770,533141,493964.0,460249
Paper (one package) ,POTIONS & SCROLLS,1172,1092,1161,1226,1128,226231,206977,220649,227502.0,208010
Paper Bird,ADVENTURING EQUIPMENT,772,805,834,852,803,279340,300163,306622,281208.49999999994,253909
Parchment (twenty pages) ,POTIONS & SCROLLS,1263,1090,1184,1107,1140,730210,639194,668742,645100.0,658681
Pearl of Power,ADVENTURING EQUIPMENT,820,772,671,715,916,582652,543338,477369,507321.0,652124
Pennant of the Vind Rune,JEWELRY,715,847,815,649,777,561894,646046,630862,522786.0,602178
Peregrine Mask,ADVENTURING EQUIPMENT,802,713,743,732,712,640473,559698,617442,543489.0,572874
Perfume (vial) ,TOOLS & KITS,1169,1001,1260,1000,1083,705223,631753,785397,613699.0,662857
Perfume of Bewitching,POTIONS & SCROLLS,881,772,802,701,791,136066,122360,123732,107415.0,124222
Periapt of Health,ADVENTURING EQUIPMENT,881,748,922,861,807,106478,86536,98716,91158.0,91554
Periapt of Proof against Poison,ADVENTURING EQUIPMENT,725,857,854,885,728,487165,575575,573734,586543.2999999999,489314
Periapt of Wound Closure,ADVENTURING EQUIPMENT,682,774,960,698,831,342463,412489,488807,357027.0,428087
Philter of Love,POTIONS & SCROLLS,823,826,694,763,900,763480,761200,637360,697720.0,832000
"Pick, miner’s ",TOOLS & KITS,1356,1214,1115,1104,1201,748732,684500,581868,575356.0,652528
Pig,ANIMALS & TRANSPORTATION,1211,1325,1164,1219,1136,679342,751390,656252,718446.0,656516
Pike,ARMS & ARMOUR,3502,7079,4561,1229,1049,1547642,3201151,2096057,538861.0,487411
Pipe of Remembrance,POTIONS & SCROLLS,806,837,803,733,580,427548,405486,391377,326067.0,281580
Pipe of Smoke Monsters,POTIONS & SCROLLS,785,825,844,690,857,609157,635520,658376,533595.0,665245
Pipes of Haunting,MUSICAL INSTRUMENT,876,756,916,761,788,528208,480768,622638,525763.0,543804
Pipes of the Sewers,MUSICAL INSTRUMENT,717,726,704,680,820,558513,566074,548456,529940.0,639360
Piton (set of 10),TOOLS & KITS,1264,1047,1323,1082,1252,983925,822764,1048726,844057.0,991137
Piwafwi of Fire Resistance,ADVENTURING EQUIPMENT,765,929,715,803,671,313838,405975,266877,282984.8,260799
Planecallers Codex,ADVENTURING EQUIPMENT,830,707,870,825,734,185230,127246,177230,159260.0,135362
Plate Armour of Etherealness,ARMS & ARMOUR,784,2055,1573,907,851,329538,817945,607381,336204.0,342597
Plate mail,ARMS & ARMOUR,1254,1220,1232,1183,1151,814215,771052,749472,791386.0,720522
Playing card set,TOOLS & KITS,1198,1195,1203,1204,1081,666354,660017,686163,681108.0,594179
"Poison, Basic (4L)",POTIONS & SCROLLS,1335,1227,1078,1102,1203,381825,345519,299362,290176.0,331395
Poisoner’s kit ,TOOLS & KITS,1204,1127,1344,1169,1217,519282,554329,565464,563763.0,602575
Pole (3m collapsable),TOOLS & KITS,1226,1124,1124,1234,1368,885140,785085,782981,851581.0,947023
Pole of Angling,ADVENTURING EQUIPMENT,793,822,850,889,932,402050,410487,416747,452042.0,475534
Pole of Collapsing,ADVENTURING EQUIPMENT,767,920,726,876,742,243695,288788,230274,272408.1,232278
Polymorph Blade,ARMS & ARMOUR,805,811,800,758,908,399124,406183,386322,405445.0,456710
Pony,ANIMALS & TRANSPORTATION,1050,1304,1326,1077,1273,526382,640007,688128,557859.0,654694
Portable Hole,ADVENTURING EQUIPMENT,800,801,849,798,835,324753,333414,360450,332627.4,382035
Pot of Awakening,POTIONS & SCROLLS,654,784,927,911,835,466950,559872,664469,644027.0,596367
"Pot, iron ",TOOLS & KITS,1318,1189,1078,1203,1127,855968,757339,686817,732537.0,771773
Potion of Animal Friendship,POTIONS & SCROLLS,844,670,718,792,722,328152,293401,311588,358683.0,325374
Potion of Aqueous Form,POTIONS & SCROLLS,824,733,784,800,806,507136,444507,481516,487651.5,493374
Potion of Clairvoyance,POTIONS & SCROLLS,844,739,848,653,803,565298,472940,564681,435102.0,538150
Potion of Climbing,POTIONS & SCROLLS,626,684,855,798,829,304289,344874,463836,379026.2,427795
Potion of Cloud Giant Strength,POTIONS & SCROLLS,976,770,703,795,765,698412,551091,503193,568941.0,547452
Potion of Comprehension,POTIONS & SCROLLS,880,763,649,719,734,463680,397190,332354,359870.0,392940
Potion of Diminution,POTIONS & SCROLLS,874,773,793,699,913,165276,145458,150555,131493.0,175065
Potion of Fire Breath,POTIONS & SCROLLS,890,882,636,764,806,559270,506670,407828,484195.9,524298
Potion of Fire Giant Strength,POTIONS & SCROLLS,788,843,817,728,772,236796,252531,245379,215427.90000000002,232428
Potion of Flying,POTIONS & SCROLLS,899,758,916,816,919,616695,526270,623780,561244.0,634715
Potion of Frost Giant Strength,POTIONS & SCROLLS,722,899,711,730,975,481305,597937,471551,481773.49999999994,645923
Potion of Gaseous Form,POTIONS & SCROLLS,791,926,828,662,791,334405,398076,304408,273916.0,335537
Potion of Giant Size,POTIONS & SCROLLS,826,870,839,754,798,521108,539016,501472,450442.4,480312
Potion of Greater Healing,POTIONS & SCROLLS,845,622,708,769,789,112360,77954,96609,98615.0,90210
Potion of Growth,POTIONS & SCROLLS,805,774,730,812,837,261917,243939,236411,256474.1,276504
Potion of Healing,POTIONS & SCROLLS,811,801,744,781,876,282908,282504,255408,290401.80000000005,333549
Potion of Heroism,POTIONS & SCROLLS,701,886,753,754,800,219504,317694,222312,261741.0,271575
Potion of Hill Giant Strength,POTIONS & SCROLLS,772,622,852,866,865,389772,338682,441072,477066.0,480945
Potion of Invisibility,POTIONS & SCROLLS,691,816,731,784,679,122197,123456,127581,131506.5,108129
Potion of Invulnerability,POTIONS & SCROLLS,748,705,733,726,756,102370,83955,95575,107490.0,97140
Potion of Longevity,POTIONS & SCROLLS,914,789,886,879,761,322991,254652,294526,294513.0,246482
Potion of Maximum Power,POTIONS & SCROLLS,975,797,855,698,778,660717,539985,584521,470207.5,537734
Potion of Mind Reading,POTIONS & SCROLLS,753,774,796,791,848,329940,341334,348102,337316.4,369990
Potion of Poison,POTIONS & SCROLLS,798,701,888,853,837,184354,159515,205432,192644.5,187799
Potion of Possibility,POTIONS & SCROLLS,723,828,774,809,761,311304,288584,237992,316552.0,365568
Potion of Resistance,POTIONS & SCROLLS,760,715,679,934,811,193610,199144,188622,251888.0,231769
Potion of Speed,POTIONS & SCROLLS,869,799,711,799,704,610654,557538,496188,576256.0,497676
Potion of Stone Giant Strength,POTIONS & SCROLLS,793,816,845,766,755,308150,319872,331978,294532.0,305390
Potion of Storm Giant Strength,POTIONS & SCROLLS,725,775,847,690,744,350595,381365,407126,331925.0,356732
Potion of Superior Healing,POTIONS & SCROLLS,808,800,892,762,847,661958,663760,728252,623706.0,693587
Potion of Supreme Healing,POTIONS & SCROLLS,713,862,832,853,759,426791,521056,549575,520012.39999999997,444897
Potion of Vitality,POTIONS & SCROLLS,801,764,783,789,815,102538,113020,98943,97956.0,114241
Potion of Watchful Rest,POTIONS & SCROLLS,645,781,879,987,840,182338,256441,287752,305803.0,291218
Potion of Water Breathing,POTIONS & SCROLLS,869,827,750,754,935,401841,392853,360250,359834.7,438215
Potter’s tools ,TOOLS & KITS,1195,1215,1153,1256,1257,483587,496536,517701,502363.0,503004
Pouch ,TOOLS & KITS,1296,1037,1128,1247,1262,681732,581860,585456,669988.0,668860
Powered Armour,ARMS & ARMOUR,847,675,882,742,742,657160,524520,682544,567538.4,559520
Pressure Capsule,ADVENTURING EQUIPMENT,788,782,761,948,761,146292,146694,150171,179814.9,147963
Professor Orb,ADVENTURING EQUIPMENT,762,854,845,712,594,406512,441108,425031,358734.0,304284
Propellor Helm,ARMS & ARMOUR,813,883,878,788,755,379787,460517,423122,374852.0,361745
Prosthetic Limb,ADVENTURING EQUIPMENT,917,775,790,626,772,525329,442715,460030,389095.5,428744
Protective Verses,ADVENTURING EQUIPMENT,831,891,815,852,736,383679,388539,365067,363618.0,317016
Pyxis of Pandemonium,SUMMONING DEVICE,811,963,787,785,780,688323,811019,665330,657210.0,658601
Quaals Feather Token,SUMMONING DEVICE,949,805,768,769,906,500645,434865,407970,417025.0,490410
Quarterstaff ,ARMS & ARMOUR,3799,6057,5869,5685,3446,2004511,3258899,3283999,3154383.0,1891803
Quiver ,TOOLS & KITS,1359,1163,1259,1291,1242,768893,686052,702963,706691.0,726823
Quiver of Ehlonna,ADVENTURING EQUIPMENT,807,884,902,771,686,447205,500321,502834,419918.0,395060
Rabbit,ANIMALS & TRANSPORTATION,1335,1112,1110,1077,1188,652438,553595,535599,523123.0,573992
Radiance,ADVENTURING EQUIPMENT,798,699,917,891,670,158955,137130,181625,176220.0,131335
Rakdos Riteknife,ARMS & ARMOUR,770,865,660,775,709,409020,459870,375300,427490.0,430818
"Ram, portable ",TOOLS & KITS,1264,1089,1230,1102,1210,535241,431418,508578,470894.0,486910
Rapier ,ARMS & ARMOUR,1161,1182,1127,1201,1083,744120,770526,708395,776518.0,689175
Rare Crafting Components,TOOLS & KITS,892,893,646,646,797,291033,293253,211665,211990.5,263199
Rations (10 days) ,ADVENTURING EQUIPMENT,1288,1141,1146,1314,1053,581287,548559,536774,634212.0,479108
Red Dragon Mask,ARMS & ARMOUR,717,1035,1177,798,727,594017,855255,969117,658038.0,592947
Reincarnation Dust,SUMMONING DEVICE,956,783,811,856,890,537668,421281,450181,459935.0,509030
Reliquary (Holy symbol),ADVENTURING EQUIPMENT,1146,1297,1328,1128,1200,432704,504673,506966,425964.0,457681
Restorative Ointment,POTIONS & SCROLLS,1053,782,809,734,835,411013,291750,309637,257538.0,327679
Revelers Concertina,MUSICAL INSTRUMENT,881,779,736,767,851,373185,329476,312063,324956.0,361147
Revenant Double-Bladed Scimitar,ARMS & ARMOUR,775,935,802,749,945,645590,785320,667244,622408.0,796770
Riding Dinosaur,ANIMALS & TRANSPORTATION,1284,1062,1266,1197,1123,756202,504404,729969,709441.0,629367
Riding Horse,ANIMALS & TRANSPORTATION,1259,1273,1226,1146,1251,1006476,1063980,996426,953250.0,1027224
Riding Saddle,ANIMALS & TRANSPORTATION,1248,1215,1162,1214,1127,990899,963021,916703,955677.0,899448
Riding Steeder,ANIMALS & TRANSPORTATION,1107,934,1128,1284,1163,544865,427810,530490,610170.0,524435
Ring mail ,ARMS & ARMOUR,1293,1230,1098,1682,1663,887338,861380,811241,1184852.0,1164661
Ring of Air Elemental Command,SUMMONING DEVICE,767,834,750,960,840,290472,314916,286460,363892.0,318412
Ring of Animal Influence,JEWELRY,828,902,918,830,837,617094,667557,679152,644759.4,638658
Ring of Earth Elemental Command,SUMMONING DEVICE,754,836,796,751,683,541112,594260,569793,542389.1000000001,498284
Ring of Evasion,JEWELRY,804,754,845,814,770,398124,397254,441675,382335.3,342870
Ring of Feather Falling,JEWELRY,947,903,793,732,737,521262,535353,454279,421673.0,421309
Ring of Fire Elemental Command,SUMMONING DEVICE,869,888,822,711,959,135207,138999,128850,113643.0,149259
Ring of Free Action,JEWELRY,885,778,845,900,777,682389,582275,630110,692828.0,582413
Ring of Invisibility,JEWELRY,784,708,879,812,708,424468,366056,483638,388256.0,376706
Ring of Jumping,JEWELRY,899,746,796,890,849,453244,373000,397808,445896.0,424148
Ring of Mind Shielding,JEWELRY,983,811,664,768,989,730507,621959,509864,542472.1,775201
Ring of Obscuring,JEWELRY,883,762,698,836,796,63765,54950,50114,60170.0,57430
Ring of Poison Resistance,JEWELRY,717,742,777,644,778,301833,312204,327339,271122.0,327333
Ring of Protection,JEWELRY,830,764,795,752,970,262814,270681,275918,220386.4,302777
Ring of Regeneration,JEWELRY,894,907,729,767,869,264641,252523,197606,200935.60000000003,254071
Ring of Resistance,JEWELRY,898,849,777,794,849,546256,526616,484552,433764.0,526024
Ring of Shooting Stars,JEWELRY,790,633,690,786,693,418860,355282,389140,437169.0,400512
Ring of Spell Storing,JEWELRY,765,866,717,746,689,510391,572047,471980,476572.0,452907
Ring of Spell Turning,JEWELRY,862,781,739,755,894,138516,120258,138702,121138.8,146292
Ring of Swimming,JEWELRY,867,723,836,764,707,218421,181749,213560,197048.3,180347
Ring of Telekinesis,JEWELRY,845,819,780,681,800,551291,543781,512020,438235.19999999995,529712
Ring of Temporal Salvation,JEWELRY,783,787,811,863,791,565842,571691,584360,615514.5,573124
Ring of Truth Telling,JEWELRY,815,842,743,707,828,403696,417302,366746,350364.0,410820
Ring of Warmth,JEWELRY,715,642,821,754,871,119349,106536,136322,124654.0,145224
Ring of Water Elemental Command,SUMMONING DEVICE,877,863,821,813,755,726531,714861,681960,673557.0,626738
Ring of Water Walking,JEWELRY,804,905,738,827,702,448293,390560,361266,349421.39999999997,332439
Ring of X-ray Vision,JEWELRY,884,954,698,769,759,431028,403386,306746,348846.8,304599
Ring of the Ram,JEWELRY,829,675,699,736,851,442469,373461,356934,356249.0,449840
Rings of Shared Suffering,JEWELRY,887,743,825,801,757,684552,574638,635310,606486.6,583122
Risian Pine Focus,ADVENTURING EQUIPMENT,849,708,760,787,744,753099,628365,675326,698903.0,662166
Robe of Eyes,ADVENTURING EQUIPMENT,935,767,738,790,772,703955,573899,551916,577669.7999999999,577264
Robe of Scintillating Colors,ADVENTURING EQUIPMENT,846,978,689,670,792,677952,782611,551993,532165.0,622004
Robe of Serpents,ADVENTURING EQUIPMENT,949,701,729,719,771,692589,502687,528625,502950.4,559507
Robe of Stars,ADVENTURING EQUIPMENT,863,712,750,764,703,503198,350314,338276,398302.0,342606
Robe of Summer,ADVENTURING EQUIPMENT,842,686,792,760,923,400182,315456,335682,358045.19999999995,445758
Robe of Useful Items,ADVENTURING EQUIPMENT,860,741,844,727,827,578077,498394,567577,488147.0,555657
Robe of the Archmagi,ADVENTURING EQUIPMENT,880,799,937,814,871,420376,374419,472129,410926.0,430315
Robes ,ADVENTURING EQUIPMENT,1298,1163,1192,1235,1052,950678,819068,857556,879220.0,768225
Rod,ADVENTURING EQUIPMENT,1369,1168,1267,1151,1292,683122,642739,693896,639477.0,685489
Rod of Absorption,ADVENTURING EQUIPMENT,785,804,673,731,857,523103,540318,449935,498935.0,569549
Rod of Alertness,ADVENTURING EQUIPMENT,895,794,823,811,782,438896,400066,399071,401480.8,368257
Rod of Lordly Might,ADVENTURING EQUIPMENT,749,980,798,898,832,272750,360695,293235,308200.0,285265
Rod of Resurrection,ADVENTURING EQUIPMENT,881,803,914,839,801,503751,461173,524974,463310.80000000005,460591
Rod of Retribution,ADVENTURING EQUIPMENT,749,824,822,702,783,126111,130608,144746,119954.0,139565
Rod of Rulership,ADVENTURING EQUIPMENT,848,813,827,785,938,655190,628275,639965,604895.0,714140
Rod of Security,ADVENTURING EQUIPMENT,758,739,839,688,798,461334,490242,540617,437619.0,509794
Rod of the Pact Keeper +1,ADVENTURING EQUIPMENT,818,694,858,840,705,766386,649328,811091,793181.0,655368
Rod of the Pact Keeper +2,ADVENTURING EQUIPMENT,715,789,679,707,786,366911,386037,332834,360610.0,394506
Rod of the Pact Keeper +3,ADVENTURING EQUIPMENT,782,917,964,822,850,443155,470887,506817,446507.6,430406
Rope of Climbing,ADVENTURING EQUIPMENT,929,818,725,679,835,304587,268254,311499,197134.2,283023
Rope of Entanglement,ADVENTURING EQUIPMENT,779,884,766,719,856,6643,8683,6827,7120.2,7892
Rope of Mending,ADVENTURING EQUIPMENT,775,752,820,728,831,432687,418488,442024,415084.0,466028
"Rope, hempen (50 feet) ",TOOLS & KITS,1247,1150,1230,1109,1209,551089,500369,542454,481237.0,531540
"Rope, silk (50 feet) ",TOOLS & KITS,1132,1166,1259,1138,1189,684267,732571,749211,677851.0,737309
Rowboat,ANIMALS & TRANSPORTATION,1122,1201,1143,1268,1291,643230,654110,611475,718477.0,717551
Ruby of the War Mage,ADVENTURING EQUIPMENT,857,959,718,730,860,378250,415274,314112,313384.2,378228
Ruinblade,ARMS & ARMOUR,853,821,873,825,836,481117,415469,453137,441765.0,377064
Saddle of the Cavalier,ANIMALS & TRANSPORTATION,492,454,391,516,417,171708,158446,136459,180084.0,145533
Saddlebags,ANIMALS & TRANSPORTATION,1211,1141,1145,1097,1111,871708,845148,833635,796451.0,820088
Saint Markovias Thighbone,ADVENTURING EQUIPMENT,889,828,687,783,837,666899,629544,513737,579425.0,650337
Saxophone,MUSICAL INSTRUMENT,1223,1220,1134,1242,1202,650978,661095,597074,630037.0,629022
Scale mail ,ARMS & ARMOUR,1178,1264,1109,1155,1221,400808,422830,421172,416094.0,430380
"Scale, merchant’s ",TOOLS & KITS,1258,1161,1066,1295,1244,535524,464335,445780,610207.0,508072
Scarab of Protection,JEWELRY,861,899,795,724,752,330458,335322,323470,286417.0,308116
Scimitar ,ARMS & ARMOUR,1366,1171,1172,5402,6198,632724,554025,543702,2555820.0,2942241
Scimitar of Speed,ARMS & ARMOUR,777,875,972,716,832,722796,820627,902502,663160.0,775796
Scorpion Armor,ARMS & ARMOUR,821,805,698,1237,1190,74429,74365,63362,113983.0,109160
Scribes Pen,ADVENTURING EQUIPMENT,746,771,795,791,760,177086,176967,185863,176931.0,176824
Scroll of Protection (Aberrations),POTIONS & SCROLLS,872,909,947,817,895,261558,247051,266838,227268.0,258045
Scroll of Protection (Beasts),POTIONS & SCROLLS,839,847,810,863,894,495529,528653,518310,483287.0,504552
Scroll of Protection (Celestials),POTIONS & SCROLLS,935,815,880,882,782,286304,247748,300780,324136.4,244276
Scroll of Protection (Elementals),POTIONS & SCROLLS,681,733,868,770,654,529610,579757,677404,563829.0,501199
Scroll of Protection (Fey),POTIONS & SCROLLS,836,746,607,835,731,496836,444214,359186,486791.20000000007,434554
Scroll of Protection (Fiends),POTIONS & SCROLLS,931,779,686,840,838,345729,288286,255037,309978.0,310019
Scroll of Protection (Plants),POTIONS & SCROLLS,833,861,644,675,714,468758,480018,334376,380802.0,383388
Scroll of Protection (Random),POTIONS & SCROLLS,971,787,769,868,764,633826,509125,497891,555453.2,495318
Scroll of Protection (Undead),POTIONS & SCROLLS,851,679,816,781,919,624498,503021,608595,547970.0,656359
Sealing wax ,TOOLS & KITS,1417,1231,1233,1275,1206,568716,503615,503957,490717.0,497408
Seeker Dart,ARMS & ARMOUR,1426,2556,2214,845,749,697836,1278936,1070004,403350.0,380694
Sekolahian Worshiping Statuette,ADVENTURING EQUIPMENT,778,882,794,806,772,76116,99108,79604,77708.0,80136
Sending Stones,ADVENTURING EQUIPMENT,758,863,769,741,922,262355,296977,260182,256766.0,314872
Sentinel Shield,ARMS & ARMOUR,760,798,1088,1251,1287,342528,360248,489024,564732.0,581292
Serpent Scale Armour,ARMS & ARMOUR,712,772,817,783,733,274485,291045,329772,356886.0,282414
Serpentine Owl of Wondrous Power,SUMMONING DEVICE,638,788,795,824,825,231675,285108,307845,349494.0,312822
Serpents Fang,ARMS & ARMOUR,1065,1259,1313,970,794,738675,843365,909755,688750.0,547790
Shadowfell Brand Tattoo Enchantment,POTIONS & SCROLLS,800,705,698,687,834,253810,239450,220002,214875.59999999998,250236
Shadowfell Shard,ADVENTURING EQUIPMENT,841,983,786,768,852,394033,326343,330786,287460.0,278560
Shard of the Ise Rune,ADVENTURING EQUIPMENT,818,893,819,905,849,443518,455008,393729,425065.0,436804
Shatterspike,ARMS & ARMOUR,867,1186,1064,911,721,575949,695750,562120,558906.1,370431
Shavarran Birch Focus,ADVENTURING EQUIPMENT,846,876,732,645,789,473159,501350,405151,368870.0,463218
Shawm,MUSICAL INSTRUMENT,1300,1109,1163,1119,1187,754970,630161,643246,638025.0,713946
Shield ,ARMS & ARMOUR,2039,2809,2562,2547,1253,1295775,1833294,1630446,1665274.0,811425
Shield +1,ARMS & ARMOUR,2506,1567,855,963,765,439268,261654,161846,154872.0,137122
Shield +2,ARMS & ARMOUR,711,793,881,947,867,342474,373084,428798,456404.0,412956
Shield +3,ARMS & ARMOUR,876,707,1148,1725,3336,343682,301146,465938,701069.0,1303109
Shield of Expression,ARMS & ARMOUR,800,1123,1264,836,716,296001,402802,465262,331934.8,264316
Shield of Far Sight,ARMS & ARMOUR,864,857,709,1580,1070,431110,428837,325539,784790.0,526354
Shield of Missile Attraction,ARMS & ARMOUR,1867,2190,2827,2754,1225,804726,870975,1074456,1021204.8,419085
Shield of the Hidden Lord,ARMS & ARMOUR,1321,1990,2213,1455,903,839369,1282256,1443305,934184.0,641699
Shield of the Uven Rune,ARMS & ARMOUR,744,1039,1217,2019,815,411444,559955,667150,1133913.0,456544
Shiftweave,ADVENTURING EQUIPMENT,876,745,858,837,681,270590,235046,309067,273391.0,235480
Shortbow ,ARMS & ARMOUR,1229,2874,4164,4212,2322,707394,1631319,2376264,2428497.0,1346181
Shortsword ,ARMS & ARMOUR,1273,2977,3259,4036,1588,460712,1050624,1127953,1428666.0,521733
Shovel ,TOOLS & KITS,1181,1210,1301,1152,1208,664581,639523,734205,642351.0,748170
Sickle,ARMS & ARMOUR,1171,1141,1131,1631,1840,710355,674357,692609,986225.0,1155790
Signal whistle on string,TOOLS & KITS,1226,1281,1046,1407,1307,598243,560805,467603,632515.0,608454
Signet ring ,JEWELRY,1284,1156,1285,1151,1152,652057,629450,609818,566016.0,584555
Silver Horn of Valhalla,SUMMONING DEVICE,763,844,776,797,800,421112,419032,393796,375164.0,390792
Silver Raven of Wondrous Power,SUMMONING DEVICE,715,702,819,667,779,309114,298512,339060,282222.0,336651
Siren Song Lyre,MUSICAL INSTRUMENT,970,879,775,733,882,204080,183905,160069,146990.40000000002,183862
Skyblinder Staff,ARMS & ARMOUR,823,684,714,674,741,584620,460690,416025,481515.0,484125
Sled,ANIMALS & TRANSPORTATION,1254,1506,1105,1366,1288,728712,874474,598383,814048.0,708914
Sling ,ARMS & ARMOUR,1294,2839,3541,3155,1251,619751,1360780,1706226,1509766.0,576636
Sling bullets (100) ,ARMS & ARMOUR,1408,2890,3290,3132,1428,704254,1319482,1504681,1370529.0,697567
Slippers of Spider Climbing,ARMS & ARMOUR,829,773,807,785,1269,371904,371928,363562,357590.0,549804
Smith’s tools ,TOOLS & KITS,1247,1153,1208,1135,1308,751857,670542,702466,680654.0,784870
Smoldering Armor Enchantment,POTIONS & SCROLLS,945,837,736,797,781,376625,324237,291826,305067.0,330181
Soap (Crate),TOOLS & KITS,1309,1226,1308,1065,1300,440910,385120,429554,353386.0,422266
Sovereign Glue,ADVENTURING EQUIPMENT,812,799,737,706,767,152434,141233,137389,109582.0,151529
Spear,ARMS & ARMOUR,3634,4347,2444,1344,1167,1670054,1966759,1090642,590468.0,526775
Spell Gem (Amber),POTIONS & SCROLLS,900,799,880,888,753,271891,216509,264069,258123.0,220372
Spell Gem (Bloodstone),POTIONS & SCROLLS,866,783,827,913,916,433444,384367,387383,404167.0,426994
Spell Gem (Diamond),POTIONS & SCROLLS,703,789,752,778,839,437755,472435,445350,475915.0,501840
Spell Gem (Jade),POTIONS & SCROLLS,759,767,833,810,818,443512,434372,480970,458832.0,480142
Spell Gem (Lapis Lazuli),POTIONS & SCROLLS,966,825,827,868,827,775746,654975,654597,703548.0,653697
Spell Gem (Obsidian),POTIONS & SCROLLS,778,775,784,750,776,507103,477229,484240,464052.0,426284
Spell Gem (Quartz),POTIONS & SCROLLS,913,777,755,780,744,362900,264430,273980,293410.0,278490
Spell Gem (Ruby),POTIONS & SCROLLS,885,777,758,677,842,450669,398073,394910,351053.0,436898
Spell Gem (Star Ruby),POTIONS & SCROLLS,822,795,861,849,857,606164,589366,639438,627909.0,636565
Spell Gem (Topaz),POTIONS & SCROLLS,885,694,758,741,834,401388,294677,344474,289195.0,325401
Spell Scroll Level 1,POTIONS & SCROLLS,751,748,886,787,751,614780,603115,721290,666655.0,610425
Spell Scroll Level 2,POTIONS & SCROLLS,781,710,845,707,717,353261,319211,377018,315706.0,317487
Spell Scroll Level 3,POTIONS & SCROLLS,867,857,744,853,837,227758,226809,196311,230627.0,221466
Spell Scroll Level 4,POTIONS & SCROLLS,770,623,784,965,776,115368,70368,93216,121995.0,98718
Spell Scroll Level 5,POTIONS & SCROLLS,941,869,821,694,795,412181,376117,348705,279995.10000000003,357287
Spell Scroll Level 6,POTIONS & SCROLLS,709,958,859,897,861,192169,250938,225484,244133.8,226471
Spell Scroll Level 7,POTIONS & SCROLLS,761,783,816,672,879,341693,372989,364878,313656.0,383022
Spell Scroll Level 8,POTIONS & SCROLLS,823,799,781,831,791,569296,543688,531892,563436.6,541422
Spell Scroll Level 9,POTIONS & SCROLLS,666,751,785,800,761,187442,201030,221054,210408.0,205338
Spell Scroll: Cantrip,POTIONS & SCROLLS,868,936,886,905,858,338181,380526,336717,352515.0,331452
Spellbook ,ADVENTURING EQUIPMENT,1180,1214,1241,1189,1216,790364,850535,885953,815049.0,847477
Spellbottle,ADVENTURING EQUIPMENT,929,638,768,763,688,798199,547954,653996,654573.0,591068
Spellguard Shield,ARMS & ARMOUR,787,796,626,816,813,615184,622200,488918,627636.0,635069
Spellshard,ADVENTURING EQUIPMENT,809,718,865,566,768,229736,208196,254520,157304.5,233788
Spellwrought Tattoo Enchantment,POTIONS & SCROLLS,846,899,927,988,799,395032,469868,401788,478800.0,405884
Spies' Murmur,ADVENTURING EQUIPMENT,906,746,735,675,810,348359,281879,283080,254665.0,312840
"Spikes, iron (10) ",TOOLS & KITS,1253,1192,1336,1077,1235,604383,548178,598088,434852.0,587209
Splint mail,ARMS & ARMOUR,1212,1265,2382,5101,6931,646864,680988,1279932,2674646.0,3726358
Sprig of mistletoe (Druidic focus),ADVENTURING EQUIPMENT,1146,1146,1089,1216,1126,562373,534480,522672,563618.0,534950
Spyglass ,TOOLS & KITS,1087,1296,1096,1151,1095,582435,694084,595705,593655.0,617083
Spyglass of Clairvoyance,ADVENTURING EQUIPMENT,843,825,878,714,812,395972,420972,422200,321255.20000000007,358608
Staff,ADVENTURING EQUIPMENT,1247,1085,1130,1097,1262,699082,612648,667427,609210.0,703332
Staff of Adornment,ARMS & ARMOUR,1242,2148,1976,843,638,624848,1100592,1026566,441880.0,321616
Staff of Birdcalls,ARMS & ARMOUR,754,902,766,811,829,282740,318078,316896,320971.79999999993,305934
Staff of Charming,ARMS & ARMOUR,829,823,803,869,822,680134,660670,659512,703761.0,666288
Staff of Defense,ARMS & ARMOUR,838,831,851,739,797,607447,580928,585724,523875.39999999997,562153
Staff of Dunamancy,ARMS & ARMOUR,818,697,866,981,864,554620,475235,582465,652336.5,588420
Staff of Fate,ARMS & ARMOUR,727,796,766,813,876,499748,546613,529516,561172.0,603600
Staff of Fire,ARMS & ARMOUR,2180,3069,2585,4353,3261,1629658,2284095,1915969,3280617.0,2445573
Staff of Flowers,ARMS & ARMOUR,809,684,905,1001,1165,307845,234751,338856,370868.0,409726
Staff of Frost,ARMS & ARMOUR,1034,798,957,1153,1174,623994,496782,557717,711033.0,726566
Staff of Healing,ARMS & ARMOUR,767,808,902,846,678,338624,362351,389579,380858.7,317701
Staff of Power,ARMS & ARMOUR,878,783,1145,1395,1616,544196,502146,727310,902940.2000000001,982112
Staff of Striking,ARMS & ARMOUR,2423,1809,1773,683,839,2269802,1694870,1663640,633138.4,786608
Staff of Swarming Insects,ARMS & ARMOUR,757,787,772,759,775,640543,677617,645472,637941.0,650389
Staff of Thunder and Lightning,ARMS & ARMOUR,799,814,842,894,802,518833,467314,478230,492687.60000000003,472734
Staff of Withering,ARMS & ARMOUR,1117,2706,2076,841,884,315625,756522,595684,234021.0,241596
Staff of the Adder,ARMS & ARMOUR,885,652,1220,1648,1790,194907,137860,255119,350487.19999999995,371927
Staff of the Claw,ARMS & ARMOUR,836,855,1050,1188,1261,486024,495495,596430,665532.0,742089
Staff of the Magi,ARMS & ARMOUR,1493,1794,900,1002,1089,410076,550680,261840,292056.0,307820
Staff of the Python,ARMS & ARMOUR,779,1051,1258,1179,949,301783,408081,487532,432539.0,343557
Staff of the Woodlands,ARMS & ARMOUR,871,773,1274,1642,1757,180206,163658,267332,337108.0,361162
Stone of Controlling Earth Elementals,SUMMONING DEVICE,934,798,728,806,610,434494,389876,371020,396713.7,308624
Stone of Good Luck (Luckstone),ADVENTURING EQUIPMENT,808,848,857,844,812,423272,450388,453200,452996.0,423268
Stone of Ill Luck,ADVENTURING EQUIPMENT,845,842,793,778,785,489793,490657,461811,451702.0,456877
Stormgirdle,ADVENTURING EQUIPMENT,763,837,792,842,832,320148,356856,338178,355758.0,345816
Studded leather armour,ARMS & ARMOUR,1162,1191,3997,6081,5382,693919,731892,2415196,3595839.0,3165867
Sun Blade,ARMS & ARMOUR,2194,3082,1567,720,1308,582020,813740,410024,192312.0,344364
Sunforger,ARMS & ARMOUR,707,693,772,682,823,569743,563213,631184,537934.0,671739
Sunsword,ARMS & ARMOUR,814,705,1402,3508,2847,278956,193040,442413,1036192.0,881693
Sword of Answering,ARMS & ARMOUR,735,770,1055,1246,1303,333655,400680,517965,609938.0,654164
Sword of Life Stealing,ARMS & ARMOUR,853,762,882,773,849,52902,50167,52119,45216.3,54898
Sword of Sharpness,ARMS & ARMOUR,739,827,828,842,826,153188,166952,168344,168302.4,166036
Sword of Vengeance,ARMS & ARMOUR,820,687,821,2866,2670,351479,299004,338854,1190140.4,1122267
Sword of Wounding,ARMS & ARMOUR,830,830,722,811,690,352202,369440,318310,363239.2,292432
Sword of the Paruns,ARMS & ARMOUR,2424,2754,1735,741,841,376412,429200,267231,117927.0,132999
Talisman of Pure Good,JEWELRY,765,734,800,928,774,413595,406269,443275,516593.0,434109
Talisman of Ultimate Evil,JEWELRY,950,897,800,721,742,378784,387968,339176,302312.0,311582
Talisman of the Sphere,JEWELRY,905,842,845,742,714,340706,330341,336200,291927.30000000005,286926
Talking Doll,ADVENTURING EQUIPMENT,881,755,668,822,864,356174,350294,313376,341796.0,381192
Tambourine,MUSICAL INSTRUMENT,1092,1192,1147,1251,1239,868822,970582,942334,999449.0,1019099
Tankard of Plenty,ADVENTURING EQUIPMENT,821,816,995,773,808,538882,572006,688136,505580.0,518134
Tankard of Sobriety,ADVENTURING EQUIPMENT,807,875,811,719,716,498554,568786,484170,429722.0,450400
"Tent, two-person ",ADVENTURING EQUIPMENT,1418,1130,1072,1259,1130,531150,432437,418325,484479.0,414502
Tentacle Rod,ARMS & ARMOUR,2279,2776,1595,799,850,1803643,2207324,1299343,622481.0,688892
Thermal Cube,ADVENTURING EQUIPMENT,837,760,943,924,843,651608,580140,709902,715678.4,680732
Thieves’ tools ,TOOLS & KITS,1269,1133,1213,1218,1034,547583,489035,552676,548006.0,496890
Three-Dragon Ante set,TOOLS & KITS,1302,1047,1256,1097,1306,573183,470842,540085,472457.0,546789
Tinderbox ,ADVENTURING EQUIPMENT,1208,1204,1018,1383,1041,814069,798462,637724,924634.0,675358
Tinderstrike,ARMS & ARMOUR,839,866,807,758,810,741495,741912,705237,665293.2,698007
Tinker’s tools ,TOOLS & KITS,1298,1277,1318,1154,1280,695863,649444,683604,638603.0,695313
Tome of Clear Thought,POTIONS & SCROLLS,810,889,781,823,834,414900,437678,390110,410354.0,378324
Tome of Leadership and Influence,POTIONS & SCROLLS,844,777,866,729,769,422066,397740,475254,349008.0,409134
Tome of Understanding,POTIONS & SCROLLS,951,863,762,880,742,356763,316973,262836,295320.0,277816
Toque,ADVENTURING EQUIPMENT,1224,1192,1319,1305,1106,1027996,1002068,1090241,1072267.0,933586
Torch (set of 20),ADVENTURING EQUIPMENT,1278,1337,1167,1203,1212,750984,775281,703855,629055.0,676884
Totem (Druidic focus),ADVENTURING EQUIPMENT,1177,1398,1106,1150,1144,792889,919771,694412,742345.0,710357
Trident,ARMS & ARMOUR,1764,4393,4080,1966,1237,529188,1418306,1325353,518615.0,443315
Trident of Fish Command,ARMS & ARMOUR,912,769,857,914,714,605760,543965,577577,586654.4,476158
Trumpet,MUSICAL INSTRUMENT,1183,1264,1108,1019,1271,732501,724792,667568,603558.0,710400
Unbreakable Arrow,ARMS & ARMOUR,1301,2234,1956,1002,688,721267,1220791,1085010,563334.0,400979
Uncommon Crafting Components,TOOLS & KITS,795,750,813,733,859,99534,99330,111636,98412.0,126681
Universal Solvent,ADVENTURING EQUIPMENT,881,880,743,784,902,415546,399280,344038,373271.19999999995,412332
Ventilating Lungs,ADVENTURING EQUIPMENT,850,732,728,712,902,189933,163530,162480,159099.0,201504
Verminshroud,ADVENTURING EQUIPMENT,800,731,712,735,950,381185,320912,330724,314016.0,428495
Very Rare Crafting Components,TOOLS & KITS,811,755,938,734,876,551893,540542,660190,504512.0,626176
Veterans Cane,ARMS & ARMOUR,1664,2818,2589,2267,857,1029567,1699639,1573737,1389191.0,548721
Vial (Crate),POTIONS & SCROLLS,1297,1142,1221,1126,1191,617920,534146,582868,530260.0,536542
Vicious Weapon,ARMS & ARMOUR,978,891,732,826,689,668934,620973,512331,570608.0,479197
Viol,MUSICAL INSTRUMENT,1256,1309,1194,1091,1231,976355,1001818,910694,857813.0,906380
Vorpal Sword,ARMS & ARMOUR,733,762,752,676,908,670950,693972,684416,619112.0,831680
Voting Kit,ADVENTURING EQUIPMENT,718,825,818,850,718,446175,499475,498713,521064.0,429266
Vox Seeker,ADVENTURING EQUIPMENT,836,797,789,792,868,500808,469242,460638,518936.0,492588
Voyager Staff,ARMS & ARMOUR,896,682,779,786,752,319417,232675,295591,267593.9,269078
Wagon,ANIMALS & TRANSPORTATION,1332,1258,1222,989,1354,498468,464434,460570,377399.0,530146
Walloping Ammunition Enchantment,POTIONS & SCROLLS,843,862,777,812,724,87817,85954,88127,94665.6,90362
Wand,ADVENTURING EQUIPMENT,1242,1207,1134,1174,1327,470803,502658,415685,418048.0,487089
Wand Sheath,ADVENTURING EQUIPMENT,1364,1219,1104,1195,1315,956347,813936,736248,820472.0,903902
Wand of Binding,ARMS & ARMOUR,818,754,743,921,689,409981,367216,355350,444158.0,324148
Wand of Conducting,ADVENTURING EQUIPMENT,779,892,796,872,902,185550,208415,187331,212849.0,212802
Wand of Enemy Detection,ARMS & ARMOUR,839,744,836,1290,1227,381249,335884,383646,594308.0,560661
Wand of Entangle,ARMS & ARMOUR,968,799,829,799,865,699768,576108,594396,571795.2,618876
Wand of Fear,ARMS & ARMOUR,884,780,807,782,826,410375,363768,387366,357111.8,405790
Wand of Fireballs,ARMS & ARMOUR,898,808,755,721,852,384822,358942,315230,335084.0,369798
Wand of Lightning Bolts,ARMS & ARMOUR,859,766,715,756,845,468290,354425,357950,318465.0,433255
Wand of Magic Detection,ARMS & ARMOUR,836,832,756,757,768,260712,231264,197352,194034.0,210816
Wand of Magic Missiles,ARMS & ARMOUR,791,1413,947,802,774,492996,843660,529930,478951.0,435264
Wand of Paralysis,ARMS & ARMOUR,2247,806,844,898,884,1201251,443934,429950,493964.0,485586
Wand of Polymorph,ARMS & ARMOUR,817,715,825,748,721,107815,73945,99354,90700.0,92401
Wand of Pyrotechnics,ADVENTURING EQUIPMENT,829,849,736,855,816,285602,311532,194363,294984.0,264216
Wand of Scowls,ADVENTURING EQUIPMENT,776,867,883,717,749,412144,477339,553955,373059.50000000006,446581
Wand of Secrets,ARMS & ARMOUR,817,768,767,747,745,442218,405784,411414,376675.4,404012
Wand of Smiles,ADVENTURING EQUIPMENT,789,732,768,768,937,475011,442863,456917,465277.0,562988
Wand of Viscid Globs,ARMS & ARMOUR,803,854,1234,3436,3176,588705,621408,911568,2532480.9,2382000
Wand of Web,ARMS & ARMOUR,820,651,698,802,789,436240,298959,380294,389800.80000000005,406869
Wand of Winter,ARMS & ARMOUR,858,710,767,828,838,469137,377194,408989,457344.0,451592
Wand of Wonder,ARMS & ARMOUR,956,705,746,834,774,594552,438455,463332,519218.0,481228
Wand of the War Mage +1,ARMS & ARMOUR,889,728,887,830,755,213827,175606,216487,216364.0,199195
Wand of the War Mage +2,ARMS & ARMOUR,766,768,748,847,865,520309,529196,498951,577493.0,619487
Wand of the War Mage +3,ARMS & ARMOUR,777,898,718,2956,2593,328966,371702,310332,1248547.0,1097248
War Dinosaur,ANIMALS & TRANSPORTATION,1105,1217,1130,1091,1300,616104,688998,644889,569856.0,725214
War Elephant,ANIMALS & TRANSPORTATION,1274,1101,1068,1134,1239,668997,606522,529158,589281.0,605094
War Steeder,ANIMALS & TRANSPORTATION,1258,1330,1105,1124,1120,806016,790534,723015,733576.0,708916
War pick ,ARMS & ARMOUR,1220,2090,1321,1142,1072,444558,680474,459968,405777.0,348615
Warhammer ,ARMS & ARMOUR,1392,2311,2879,2093,1131,519206,855325,992888,815331.0,421452
Warhorse,ANIMALS & TRANSPORTATION,1132,1209,1094,1343,1133,390791,420896,378936,467817.0,388242
Watchful Helm,ARMS & ARMOUR,772,836,826,691,786,501224,537544,513814,456905.0,504616
Water Elemental Essence Shard,ADVENTURING EQUIPMENT,799,828,777,728,735,561542,589331,550977,512398.0,515115
Waterskin (full),ADVENTURING EQUIPMENT,1188,1255,1126,1332,1346,722349,813508,658692,812964.0,842405
Wave,ARMS & ARMOUR,2266,784,722,869,1478,1681018,577228,529262,648098.0,1073984
Waythe,ARMS & ARMOUR,835,754,829,915,935,646246,574722,648286,699928.5,717400
Weapon +1,ARMS & ARMOUR,1462,3793,2596,2167,884,998716,2600815,1784893,1499884.0,603092
Weapon +2,ARMS & ARMOUR,858,2292,2014,1237,635,419252,1142368,981116,614298.0,308998
Weapon +3,ARMS & ARMOUR,905,812,758,844,701,502906,494725,427791,494335.0,413033
Weapon of Certain Death Enchantment,POTIONS & SCROLLS,813,931,884,798,731,325045,375640,311445,287170.5,285785
Weapon of Warning,ARMS & ARMOUR,888,760,761,787,1416,235848,201680,204301,207508.5,377346
Weaver’s tools ,TOOLS & KITS,1424,1264,1259,1207,1083,1061430,906510,938105,859961.0,821059
Well of Many Worlds,SUMMONING DEVICE,794,901,802,722,842,601579,687191,612986,546193.0,636973
Whelm,ARMS & ARMOUR,1481,1513,730,832,795,1142047,1167599,563267,641888.0,613752
Whetstone (set of 20),TOOLS & KITS,1246,1263,1258,1238,1103,495318,560457,454846,505058.0,455121
Whip ,ARMS & ARMOUR,1227,1553,1803,1825,1223,714071,795204,973562,900062.0,673593
White Dragon Mask,ARMS & ARMOUR,955,840,1024,1338,2215,262916,222828,285992,366620.0,618344
Wind Fan,ADVENTURING EQUIPMENT,894,731,870,806,701,337941,251547,308304,279717.0,243357
Windvayne,ARMS & ARMOUR,832,742,761,944,1290,272424,191478,195513,256002.0,355464
Winged Boots,ADVENTURING EQUIPMENT,649,876,641,851,751,180792,253040,193520,289704.0,249944
Wings of Flying,ADVENTURING EQUIPMENT,885,783,636,816,721,471768,403258,340682,463000.0,445513
Winter Jacket,ADVENTURING EQUIPMENT,1465,1304,1181,1125,1085,809115,721602,654479,601183.0,635069
Woodcarvers tools ,TOOLS & KITS,1139,1191,1119,1268,1185,426901,513649,420561,500100.0,445975
Wooden staff (Druidic focus),ADVENTURING EQUIPMENT,1166,1210,1173,1129,1160,574896,589904,567435,544295.0,582250
Wreath of the Prism,ADVENTURING EQUIPMENT,879,750,871,669,909,502946,414980,527594,329884.99999999994,482161
Wyvern,ANIMALS & TRANSPORTATION,1253,1213,1233,1323,1197,434797,398693,429363,474094.0,400857
Xorian Wenge Focus,ADVENTURING EQUIPMENT,972,734,772,649,773,734028,562816,598443,498898.0,605005
Yew wand (Druidic focus),ADVENTURING EQUIPMENT,1180,1085,1072,1088,1326,648962,601072,623995,617718.0,783699
